loopIteration,time (us),axisP[0],axisP[1],axisP[2],axisI[0],axisI[1],axisI[2],axisD[0],axisD[1],axisF[0],axisF[1],axisF[2],rcCommand[0],rcCommand[1],rcCommand[2],rcCommand[3],setpoint[0],setpoint[1],setpoint[2],setpoint[3],vbatLatest (V),amperageLatest (A),BaroAlt (cm),rssi,gyroADC[0],gyroADC[1],gyroADC[2],accSmooth[0],accSmooth[1],accSmooth[2],motor[0],energyCumulative (mAh),flightModeFlags (flags),stateFlags (flags),failsafePhase (flags),rxSignalReceived,rxFlightChannelsValid
4816,20369779,-1,-1,0,-184,-237,-16,0,0,0,0,0,-3,-4,0,1328,-1,-2,0,328,0.000,0.000,-90,742,0,0,0,-115,170,2054,777,0,0,0,IDLE,0,0
4832,20402126,-1,-2,0,-185,-238,-16,0,0,0,0,0,-3,-4,0,1328,-1,-2,0,328,0.000,0.000,-90,742,0,0,0,-114,167,2053,777,0,ARM|SERVO3,0,IDLE,1,1
4833,20404126,-1,-2,0,-185,-238,-16,0,0,0,0,0,-3,-4,0,1328,-1,-2,0,328,0.000,0.000,-90,742,0,0,0,-113,167,2052,777,0,ARM|SERVO3,0,IDLE,1,1
4834,20406126,-1,-2,0,-185,-238,-16,0,0,0,0,0,-3,-4,0,1328,-1,-2,0,328,0.000,0.000,-90,742,0,0,0,-113,167,2051,777,0,ARM|SERVO3,0,IDLE,1,1
4835,20408128,-1,-2,0,-185,-238,-16,0,0,0,0,0,-3,-4,0,1328,-1,-2,0,328,0.000,0.000,-90,742,0,0,0,-113,166,2051,777,0,ARM|SERVO3,0,IDLE,1,1
4836,20410128,-1,-2,0,-185,-238,-16,0,0,0,0,0,-3,-4,0,1328,-1,-2,0,328,0.000,0.000,-90,742,0,0,0,-113,166,2050,777,0,ARM|SERVO3,0,IDLE,1,1
4837,20412128,-2,-2,0,-185,-239,-16,0,0,0,0,0,-3,-4,0,1328,-1,-2,0,328,0.000,0.000,-90,742,0,0,0,-113,166,2050,777,0,ARM|SERVO3,0,IDLE,1,1
4838,20414128,-1,-2,0,-185,-239,-16,0,0,0,0,0,-3,-4,0,1328,-1,-2,0,328,0.000,0.000,-90,742,0,0,0,-112,166,2050,777,0,ARM|SERVO3,0,IDLE,1,1
4839,20416128,-1,-2,0,-185,-239,-16,0,0,0,0,0,-3,-4,0,1328,-1,-2,0,328,0.000,0.000,-90,742,0,0,0,-112,166,2051,777,0,ARM|SERVO3,0,IDLE,1,1
4840,20418447,-1,-2,0,-185,-239,-16,0,0,0,0,0,-3,-4,0,1328,-1,-2,0,328,0.000,0.000,-90,742,0,0,0,-112,166,2051,777,0,ARM|SERVO3,0,IDLE,1,1
4841,20420450,-1,-2,0,-185,-239,-16,0,0,0,0,0,-3,-4,0,1328,-1,-2,0,328,0.000,0.000,-90,742,0,0,0,-112,166,2052,777,0,ARM|SERVO3,0,IDLE,1,1
4842,20422452,-1,-2,0,-186,-239,-16,0,0,0,0,0,-3,-4,0,1328,-1,-2,0,328,0.000,0.000,-90,742,0,0,0,-112,166,2053,777,0,ARM|SERVO3,0,IDLE,1,1
4843,20424450,-1,-2,0,-186,-239,-16,0,0,0,0,0,-3,-4,0,1328,-1,-2,0,328,0.000,0.000,-90,742,0,0,0,-111,166,2053,777,0,ARM|SERVO3,0,IDLE,1,1
4844,20426454,-1,-1,0,-186,-239,-16,0,0,0,0,0,-3,-4,0,1328,-1,-2,0,328,0.000,0.000,-90,742,0,0,0,-111,166,2053,777,0,ARM|SERVO3,0,IDLE,1,1
4845,20428453,-1,-2,0,-186,-239,-16,0,0,0,0,0,-3,-4,0,1328,-1,-2,0,328,0.000,0.000,-90,742,0,0,0,-111,166,2053,777,0,ARM|SERVO3,0,IDLE,1,1
4846,20430453,-1,-2,0,-186,-239,-16,0,0,0,0,0,-3,-4,0,1328,-1,-2,0,328,0.000,0.000,-90,742,0,0,0,-111,166,2053,777,0,ARM|SERVO3,0,IDLE,1,1
4847,20432454,-1,-2,0,-186,-239,-16,0,0,0,0,0,-3,-4,0,1328,-1,-2,0,328,0.000,0.000,-90,742,0,0,0,-111,166,2052,777,0,ARM|SERVO3,0,IDLE,1,1
4848,20434455,-1,-2,0,-186,-239,-16,0,0,0,0,0,-3,-4,0,1328,-1,-2,0,328,0.000,0.000,-90,742,0,0,0,-111,166,2052,777,0,ARM|SERVO3,0,IDLE,1,1
4849,20436453,-1,-2,0,-186,-239,-16,0,0,0,0,0,-3,-4,0,1328,-1,-2,0,328,0.000,0.000,-90,742,0,0,0,-111,166,2051,777,0,ARM|SERVO3,0,IDLE,1,1
4850,20438455,-1,-2,0,-186,-239,-16,0,0,0,0,0,-3,-4,0,1328,-1,-2,0,328,0.000,0.000,-90,741,0,0,0,-111,166,2051,777,0,ARM|SERVO3,0,IDLE,1,1
4851,20440455,-1,-2,0,-186,-239,-16,0,0,0,0,0,-3,-4,0,1328,-1,-2,0,328,0.000,0.000,-90,741,0,0,0,-111,166,2051,777,0,ARM|SERVO3,0,IDLE,1,1
4852,20442455,-1,-2,0,-186,-240,-16,0,0,0,0,0,-3,-4,0,1328,-1,-2,0,328,0.000,0.000,-90,741,0,0,0,-111,166,2051,777,0,ARM|SERVO3,0,IDLE,1,1
4853,20444456,-1,-2,0,-186,-240,-16,0,0,0,0,0,-3,-4,0,1328,-1,-2,0,328,0.000,0.000,-90,741,0,0,0,-111,166,2052,777,0,ARM|SERVO3,0,IDLE,1,1
4854,20446458,-1,-2,0,-186,-240,-16,0,0,0,0,0,-3,-4,0,1328,-1,-2,0,328,0.000,0.000,-90,741,0,0,0,-111,166,2052,777,0,ARM|SERVO3,0,IDLE,1,1
4855,20448456,-1,-2,0,-186,-240,-16,0,0,0,0,0,-3,-4,0,1328,-1,-2,0,328,0.000,0.000,-90,741,0,0,0,-111,166,2053,777,0,ARM|SERVO3,0,IDLE,1,1
4856,20450456,-1,-2,0,-186,-240,-16,0,0,0,0,0,-3,-4,0,1328,-1,-2,0,328,0.000,0.000,-90,741,0,0,0,-112,167,2054,777,0,ARM|SERVO3,0,IDLE,1,1
4857,20452458,-1,-1,0,-186,-240,-16,0,0,0,0,0,-3,-4,0,1328,-1,-2,0,328,0.000,0.000,-90,741,0,0,0,-112,167,2054,777,0,ARM|SERVO3,0,IDLE,1,1
4858,20454457,-1,-2,0,-186,-240,-16,0,0,0,0,0,-3,-4,0,1328,-1,-2,0,328,0.000,0.000,-90,741,0,0,0,-112,167,2055,777,0,ARM|SERVO3,0,IDLE,1,1
4859,20456457,-1,-2,0,-186,-240,-16,0,0,0,0,0,-3,-4,0,1328,-1,-2,0,328,0.000,0.000,-90,741,0,0,0,-112,167,2056,777,0,ARM|SERVO3,0,IDLE,1,1
4860,20458458,-1,-2,0,-187,-240,-16,0,0,0,0,0,-3,-4,0,1328,-1,-2,0,328,0.000,0.000,-90,741,0,0,0,-112,167,2056,777,0,ARM|SERVO3,0,IDLE,1,1
4861,20460459,-1,-2,0,-187,-240,-16,0,0,0,0,0,-3,-4,0,1328,-1,-2,0,328,0.000,0.000,-90,741,0,0,0,-113,168,2056,777,0,ARM|SERVO3,0,IDLE,1,1
4862,20462461,-1,-2,0,-187,-240,-16,0,0,0,0,0,-3,-4,0,1328,-1,-2,0,328,0.000,0.000,-90,741,0,0,0,-113,168,2056,777,0,ARM|SERVO3,0,IDLE,1,1
4863,20464776,-1,-2,0,-187,-240,-16,0,0,0,0,0,-3,-4,0,1328,-1,-2,0,328,0.000,0.000,-90,741,0,0,0,-113,168,2056,777,0,ARM|SERVO3,0,IDLE,1,1
4864,20466777,-1,-2,0,-187,-240,-16,0,0,0,0,0,-3,-4,0,1328,-1,-2,0,328,0.000,0.000,-90,741,0,0,0,-113,168,2055,777,0,ARM|SERVO3,0,IDLE,1,1
4865,20468776,-1,-2,0,-187,-240,-16,0,0,0,0,0,-3,-4,0,1328,-1,-2,0,328,0.000,0.000,-90,741,0,0,0,-113,168,2055,777,0,ARM|SERVO3,0,IDLE,1,1
4866,20470779,-1,-2,0,-187,-241,-16,0,0,0,0,0,-3,-4,0,1328,-1,-2,0,328,0.000,0.000,-90,741,0,0,0,-113,167,2055,777,0,ARM|SERVO3,0,IDLE,1,1
4867,20472777,-1,-2,0,-187,-241,-16,0,0,0,0,0,-3,-4,0,1328,-1,-2,0,328,0.000,0.000,-90,741,0,0,0,-113,167,2055,777,0,ARM|SERVO3,0,IDLE,1,1
4868,20474780,-1,-2,0,-187,-241,-16,0,0,0,0,0,-3,-4,0,1328,-1,-2,0,328,0.000,0.000,-90,741,0,0,0,-113,167,2055,777,0,ARM|SERVO3,0,IDLE,1,1
4869,20476778,-1,-2,0,-187,-241,-16,0,0,0,0,0,-3,-4,0,1328,-1,-2,0,328,0.000,0.000,-90,741,0,0,0,-113,167,2056,777,0,ARM|SERVO3,0,IDLE,1,1
4870,20478783,-1,-2,0,-187,-241,-16,0,0,0,0,0,-3,-4,0,1328,-1,-2,0,328,0.000,0.000,-90,741,0,0,0,-113,167,2056,777,0,ARM|SERVO3,0,IDLE,1,1
4871,20480781,-1,-2,0,-187,-241,-16,0,0,0,0,0,-3,-4,0,1328,-1,-2,0,328,0.000,0.000,-90,741,0,0,0,-113,167,2056,777,0,ARM|SERVO3,0,IDLE,1,1
4872,20482784,-1,-2,0,-187,-241,-16,0,0,0,0,0,-3,-4,0,1328,-1,-2,0,328,0.000,0.000,-90,741,0,0,0,-112,167,2056,777,0,ARM|SERVO3,0,IDLE,1,1
4873,20484783,-1,-2,0,-187,-241,-17,0,0,0,0,0,-3,-4,0,1328,-1,-2,0,328,0.000,0.000,-90,741,0,0,0,-112,167,2056,777,0,ARM|SERVO3,0,IDLE,1,1
4874,20486794,-1,-2,0,-187,-241,-17,0,0,0,0,0,-3,-4,0,1328,-1,-2,0,328,0.000,0.000,-90,741,0,0,0,-112,167,2056,777,0,ARM|SERVO3,0,IDLE,1,1
4875,20488785,-1,-2,0,-187,-241,-17,0,0,0,0,0,-3,-4,0,1328,-1,-2,0,328,0.000,0.000,-90,741,0,0,0,-112,168,2056,777,0,ARM|SERVO3,0,IDLE,1,1
4876,20490794,-1,-2,0,-187,-241,-16,0,0,0,0,0,-3,-4,0,1328,-1,-2,0,328,0.000,0.000,-90,741,0,0,0,-112,168,2055,777,0,ARM|SERVO3,0,IDLE,1,1
4877,20492785,-1,-2,0,-187,-241,-17,0,0,0,0,0,-3,-4,0,1328,-1,-2,0,328,0.000,0.000,-90,741,0,0,0,-112,168,2054,777,0,ARM|SERVO3,0,IDLE,1,1
4878,20494791,-1,-2,0,-187,-241,-17,0,0,0,0,0,-3,-4,0,1328,-1,-2,0,328,0.000,0.000,-90,741,0,0,0,-112,168,2053,777,0,ARM|SERVO3,0,IDLE,1,1
4879,20496791,-1,-2,0,-188,-241,-17,0,0,0,0,0,-3,-4,0,1328,-1,-2,0,328,0.000,0.000,-90,741,0,0,0,-113,167,2053,777,0,ARM|SERVO3,0,IDLE,1,1
4880,20498792,-1,-2,0,-188,-241,-17,0,0,0,0,0,-3,-4,0,1328,-1,-2,0,328,0.000,0.000,-90,741,0,0,0,-113,167,2052,777,0,ARM|SERVO3,0,IDLE,1,1
4881,20500792,-1,-2,0,-188,-242,-17,0,0,0,0,0,-3,-4,0,1328,-1,-2,0,328,0.000,0.000,-90,741,0,0,0,-113,167,2053,777,0,ARM|SERVO3,0,IDLE,1,1
4882,20502794,-1,-2,0,-188,-242,-17,0,0,0,0,0,-3,-4,0,1328,-1,-2,0,328,0.000,0.000,-90,741,0,0,0,-113,167,2053,777,0,ARM|SERVO3,0,IDLE,1,1
4883,20504795,-1,-2,0,-188,-242,-17,0,0,0,0,0,-3,-4,0,1328,-1,-2,0,328,0.000,0.000,-90,741,0,0,0,-113,167,2053,777,0,ARM|SERVO3,0,IDLE,1,1
4884,20506799,-1,-2,0,-188,-242,-17,0,0,0,0,0,-3,-4,0,1328,-1,-2,0,328,0.000,0.000,-90,741,0,0,0,-113,167,2054,777,0,ARM|SERVO3,0,IDLE,1,1
4885,20509106,-1,-2,0,-188,-242,-17,0,0,0,0,0,-3,-4,0,1328,-1,-2,0,328,0.000,0.000,-90,741,0,0,0,-113,167,2054,777,0,ARM|SERVO3,0,IDLE,1,1
4886,20511106,-1,-2,0,-188,-242,-17,0,0,0,0,0,-3,-4,0,1328,-1,-2,0,328,0.000,0.000,-90,741,0,0,0,-113,166,2054,777,0,ARM|SERVO3,0,IDLE,1,1
4887,20513107,-1,-2,0,-188,-242,-17,0,0,0,0,0,-3,-4,0,1328,-1,-2,0,328,0.000,0.000,-90,741,0,0,0,-113,166,2054,777,0,ARM|SERVO3,0,IDLE,1,1
4888,20515107,-1,-2,0,-188,-242,-17,0,0,0,0,0,-3,-4,0,1328,-1,-2,0,328,0.000,0.000,-90,741,0,0,0,-113,166,2054,777,0,ARM|SERVO3,0,IDLE,1,1
4889,20517107,-1,-2,0,-188,-242,-17,0,0,0,0,0,-3,-4,0,1328,-1,-2,0,328,0.000,0.000,-90,741,0,0,0,-113,166,2054,777,0,ARM|SERVO3,0,IDLE,1,1
4890,20519108,-1,-2,0,-188,-242,-17,0,0,0,0,0,-3,-4,0,1328,-1,-2,0,328,0.000,0.000,-90,741,0,0,0,-113,166,2053,777,0,ARM|SERVO3,0,IDLE,1,1
4891,20521108,-1,-2,0,-188,-242,-17,0,0,0,0,0,-3,-4,0,1328,-1,-2,0,328,0.000,0.000,-90,741,0,0,0,-113,166,2053,777,0,ARM|SERVO3,0,IDLE,1,1
4892,20523110,-2,-2,0,-188,-242,-17,0,0,0,0,0,-3,-4,0,1328,-1,-2,0,328,0.000,0.000,-90,741,0,0,0,-113,166,2052,777,0,ARM|SERVO3,0,IDLE,1,1
4893,20525110,-1,-2,0,-188,-242,-17,0,0,0,0,0,-3,-4,0,1328,-1,-2,0,328,0.000,0.000,-90,741,0,0,0,-113,166,2052,777,0,ARM|SERVO3,0,IDLE,1,1
4894,20527120,-1,-2,0,-188,-242,-17,0,0,0,0,0,-3,-4,0,1328,-1,-2,0,328,0.000,0.000,-90,741,0,0,0,-114,167,2052,777,0,ARM|SERVO3,0,IDLE,1,1
4895,20529120,-1,-2,0,-188,-243,-17,0,0,0,0,0,-3,-4,0,1328,-1,-2,0,328,0.000,0.000,-90,741,0,0,0,-114,167,2052,777,0,ARM|SERVO3,0,IDLE,1,1
4896,20531122,-1,-2,0,-188,-243,-17,0,0,0,0,0,-3,-4,0,1328,-1,-2,0,328,0.000,0.000,-90,741,0,0,0,-114,167,2053,777,0,ARM|SERVO3,0,IDLE,1,1
4897,20533121,-1,-2,0,-188,-243,-17,0,0,0,0,0,-3,-4,0,1328,-1,-2,0,328,0.000,0.000,-90,741,0,0,0,-114,167,2053,777,0,ARM|SERVO3,0,IDLE,1,1
4898,20535123,-1,-2,0,-189,-243,-17,0,0,0,0,0,-3,-4,0,1328,-1,-2,0,328,0.000,0.000,-90,741,0,0,0,-114,168,2053,777,0,ARM|SERVO3,0,IDLE,1,1
4899,20537125,-1,-2,0,-189,-243,-17,0,0,0,0,0,-3,-4,0,1328,-1,-2,0,328,0.000,0.000,-90,741,0,0,0,-114,168,2053,777,0,ARM|SERVO3,0,IDLE,1,1
4900,20539124,-1,-2,0,-189,-243,-17,0,0,0,0,0,-3,-4,0,1328,-1,-2,0,328,0.000,0.000,-90,741,0,0,0,-114,168,2053,777,0,ARM|SERVO3,0,IDLE,1,1
4901,20541123,-1,-2,0,-189,-243,-17,0,0,0,0,0,-3,-4,0,1328,-1,-2,0,328,0.000,0.000,-90,741,0,0,0,-114,168,2053,777,0,ARM|SERVO3,0,IDLE,1,1
4902,20543125,-1,-2,0,-189,-243,-17,0,0,0,0,0,-3,-4,0,1328,-1,-2,0,328,0.000,0.000,-90,741,0,0,0,-114,167,2053,777,0,ARM|SERVO3,0,IDLE,1,1
4903,20545125,-1,-2,0,-189,-243,-17,0,0,0,0,0,-3,-4,0,1328,-1,-2,0,328,0.000,0.000,-90,741,0,0,0,-114,167,2052,777,0,ARM|SERVO3,0,IDLE,1,1
4904,20547125,-1,-2,0,-189,-243,-17,0,0,0,0,0,-3,-4,0,1328,-1,-2,0,328,0.000,0.000,-90,741,0,0,0,-115,167,2051,777,0,ARM|SERVO3,0,IDLE,1,1
4905,20549126,-1,-2,0,-189,-243,-17,0,0,0,0,0,-3,-4,0,1328,-1,-2,0,328,0.000,0.000,-90,741,0,0,0,-115,166,2051,777,0,ARM|SERVO3,0,IDLE,1,1
4906,20551128,-2,-2,0,-189,-243,-17,0,0,0,0,0,-3,-4,0,1328,-1,-2,0,328,0.000,0.000,-90,741,0,0,0,-115,166,2050,777,0,ARM|SERVO3,0,IDLE,1,1
4907,20553128,-2,-2,0,-189,-243,-17,0,0,0,0,0,-3,-4,0,1328,-1,-2,0,328,0.000,0.000,-90,741,0,0,0,-115,166,2050,777,0,ARM|SERVO3,0,IDLE,1,1
4908,20555450,-1,-2,0,-189,-243,-17,0,0,0,0,0,-3,-4,0,1328,-1,-2,0,328,0.000,0.000,-90,741,0,0,0,-115,166,2050,777,0,ARM|SERVO3,0,IDLE,1,1
4909,20557449,-1,-2,0,-189,-243,-17,0,0,0,0,0,-3,-4,0,1328,-1,-2,0,328,0.000,0.000,-90,741,0,0,0,-115,166,2050,777,0,ARM|SERVO3,0,IDLE,1,1
4910,20559463,-1,-2,0,-189,-244,-17,0,0,0,0,0,-3,-4,0,1328,-1,-2,0,328,0.000,0.000,-90,741,0,0,0,-114,167,2051,777,0,ARM|SERVO3,0,IDLE,1,1
4911,20561463,-1,-2,0,-189,-244,-17,0,0,0,0,0,-3,-4,0,1328,-1,-2,0,328,0.000,0.000,-90,741,0,0,0,-114,167,2052,777,0,ARM|SERVO3,0,IDLE,1,1
4912,20563464,-1,-2,0,-189,-244,-17,0,0,0,0,0,-3,-4,0,1328,-1,-2,0,328,0.000,0.000,-90,741,0,0,0,-114,167,2052,777,0,ARM|SERVO3,0,IDLE,1,1
4913,20565464,-1,-2,0,-189,-244,-17,0,0,0,0,0,-3,-4,0,1328,-1,-2,0,328,0.000,0.000,-90,741,0,0,0,-114,167,2053,777,0,ARM|SERVO3,0,IDLE,1,1
4914,20567465,-1,-2,0,-189,-244,-17,0,0,0,0,0,-3,-4,0,1328,-1,-2,0,328,0.000,0.000,-90,741,0,0,0,-114,167,2053,777,0,ARM|SERVO3,0,IDLE,1,1
4915,20569464,-1,-2,0,-189,-244,-17,0,0,0,0,0,-3,-4,0,1328,-1,-2,0,328,0.000,0.000,-90,741,0,0,0,-113,167,2053,777,0,ARM|SERVO3,0,IDLE,1,1
4916,20571464,-1,-2,0,-190,-244,-17,0,0,0,0,0,-3,-4,0,1328,-1,-2,0,328,0.000,0.000,-90,741,0,0,0,-113,167,2054,777,0,ARM|SERVO3,0,IDLE,1,1
4917,20573464,-1,-2,0,-190,-244,-17,0,0,0,0,0,-3,-4,0,1328,-1,-2,0,328,0.000,0.000,-90,741,0,0,0,-113,167,2054,777,0,ARM|SERVO3,0,IDLE,1,1
4918,20575465,-1,-2,0,-190,-244,-17,0,0,0,0,0,-3,-4,0,1328,-1,-2,0,328,0.000,0.000,-90,741,0,0,0,-113,167,2053,777,0,ARM|SERVO3,0,IDLE,1,1
4919,20577465,-1,-2,0,-190,-244,-17,0,0,0,0,0,-3,-4,0,1328,-1,-2,0,328,0.000,0.000,-90,741,0,0,0,-113,167,2053,777,0,ARM|SERVO3,0,IDLE,1,1
4920,20579466,-2,-2,0,-190,-244,-17,0,0,0,0,0,-3,-4,0,1328,-1,-2,0,328,0.000,0.000,-90,741,0,0,0,-113,167,2052,777,0,ARM|SERVO3,0,IDLE,1,1
4921,20581469,-2,-2,0,-190,-244,-17,0,0,0,0,0,-3,-4,0,1328,-1,-2,0,328,0.000,0.000,-90,741,0,0,0,-113,167,2052,777,0,ARM|SERVO3,0,IDLE,1,1
4922,20583471,-1,-2,0,-190,-244,-17,0,0,0,0,0,-3,-4,0,1328,-1,-2,0,328,0.000,0.000,-90,741,0,0,0,-113,167,2053,777,0,ARM|SERVO3,0,IDLE,1,1
4923,20585470,-1,-2,0,-190,-244,-17,0,0,0,0,0,-3,-4,0,1328,-1,-2,0,328,0.000,0.000,-90,741,0,0,0,-113,168,2053,777,0,ARM|SERVO3,0,IDLE,1,1
4924,20587472,-1,-2,0,-190,-245,-17,0,0,0,0,0,-3,-4,0,1328,-1,-2,0,328,0.000,0.000,-90,741,0,0,0,-113,168,2054,777,0,ARM|SERVO3,0,IDLE,1,1
4925,20589471,-1,-2,0,-190,-245,-17,0,0,0,0,0,-3,-4,0,1328,-1,-2,0,328,0.000,0.000,-90,741,0,0,0,-113,168,2054,777,0,ARM|SERVO3,0,IDLE,1,1
4926,20591473,-1,-2,0,-190,-245,-17,0,0,0,0,0,-3,-4,0,1328,-1,-2,0,328,0.000,0.000,-90,741,0,0,0,-113,168,2055,777,0,ARM|SERVO3,0,IDLE,1,1
4927,20593472,-1,-2,0,-190,-245,-17,0,0,0,0,0,-3,-4,0,1328,-1,-2,0,328,0.000,0.000,-90,741,0,0,0,-113,168,2055,777,0,ARM|SERVO3,0,IDLE,1,1
4928,20595473,-1,-2,0,-190,-245,-17,0,0,0,0,0,-3,-4,0,1328,-1,-2,0,328,0.000,0.000,-90,741,0,0,0,-113,168,2055,777,0,ARM|SERVO3,0,IDLE,1,1
4929,20597473,-1,-2,0,-190,-245,-17,0,0,0,0,0,-3,-4,0,1328,-1,-2,0,328,0.000,0.000,-90,741,0,0,0,-113,168,2055,777,0,ARM|SERVO3,0,IDLE,1,1
4930,20599798,-1,-2,0,-190,-245,-17,0,0,0,0,0,-3,-4,0,1328,-1,-2,0,328,0.000,0.000,-90,741,0,0,0,-113,167,2055,777,0,ARM|SERVO3,0,IDLE,1,1
4931,20601798,-1,-2,0,-190,-245,-17,0,0,0,0,0,-3,-4,0,1328,-1,-2,0,328,0.000,0.000,-90,741,0,0,0,-113,167,2054,777,0,ARM|SERVO3,0,IDLE,1,1
4932,20603798,-1,-2,0,-190,-245,-17,0,0,0,0,0,-3,-4,0,1328,-1,-2,0,328,0.000,0.000,-90,741,0,0,0,-113,166,2054,777,0,ARM|SERVO3,0,IDLE,1,1
4933,20605798,-1,-2,0,-190,-245,-17,0,0,0,0,0,-3,-4,0,1328,-1,-2,0,328,0.000,0.000,-90,741,0,0,0,-113,166,2053,777,0,ARM|SERVO3,0,IDLE,1,1
4934,20607798,-1,-2,0,-191,-245,-17,0,0,0,0,0,-3,-4,0,1328,-1,-2,0,328,0.000,0.000,-90,741,0,0,0,-113,166,2052,777,0,ARM|SERVO3,0,IDLE,1,1
4935,20609798,-1,-2,0,-191,-245,-17,0,0,0,0,0,-3,-4,0,1328,-1,-2,0,328,0.000,0.000,-90,741,0,0,0,-113,166,2052,777,0,ARM|SERVO3,0,IDLE,1,1
4936,20611798,-1,-2,0,-191,-245,-17,0,0,0,0,0,-3,-4,0,1328,-1,-2,0,328,0.000,0.000,-90,741,0,0,0,-113,166,2052,777,0,ARM|SERVO3,0,IDLE,1,1
4937,20613798,-1,-2,0,-191,-245,-17,0,0,0,0,0,-3,-4,0,1328,-1,-2,0,328,0.000,0.000,-90,741,0,0,0,-113,166,2052,777,0,ARM|SERVO3,0,IDLE,1,1
4938,20615798,-1,-2,0,-191,-246,-17,0,0,0,0,0,-3,-4,0,1328,-1,-2,0,328,0.000,0.000,-90,741,0,0,0,-113,166,2052,777,0,ARM|SERVO3,0,IDLE,1,1
4939,20617799,-1,-2,0,-191,-246,-17,0,0,0,0,0,-3,-4,0,1328,-1,-2,0,328,0.000,0.000,-90,741,0,0,0,-113,166,2053,777,0,ARM|SERVO3,0,IDLE,1,1
4940,20619799,-1,-2,0,-191,-246,-17,0,0,0,0,0,-3,-4,0,1328,-1,-2,0,328,0.000,0.000,-90,741,0,0,0,-113,166,2053,777,0,ARM|SERVO3,0,IDLE,1,1
4941,20621799,-1,-2,0,-191,-246,-17,0,0,0,0,0,-3,-4,0,1328,-1,-2,0,328,0.000,0.000,-90,741,0,0,0,-113,166,2053,777,0,ARM|SERVO3,0,IDLE,1,1
4942,20623799,-1,-1,0,-191,-246,-17,0,0,0,0,0,-3,-4,0,1328,-1,-2,0,328,0.000,0.000,-90,741,0,0,0,-113,166,2053,777,0,ARM|SERVO3,0,IDLE,1,1
4943,20625799,-1,-2,0,-191,-246,-17,0,0,0,0,0,-3,-4,0,1328,-1,-2,0,328,0.000,0.000,-90,741,0,0,0,-113,166,2052,777,0,ARM|SERVO3,0,IDLE,1,1
4944,20627799,-1,-2,0,-191,-246,-17,0,0,0,0,0,-3,-4,0,1328,-1,-2,0,328,0.000,0.000,-90,741,0,0,0,-113,166,2052,777,0,ARM|SERVO3,0,IDLE,1,1
4945,20629799,-1,-2,0,-191,-246,-17,0,0,0,0,0,-3,-4,0,1328,-1,-2,0,328,0.000,0.000,-90,741,0,0,0,-114,166,2051,777,0,ARM|SERVO3,0,IDLE,1,1
4946,20631799,-1,-2,0,-191,-246,-17,0,0,0,0,0,-3,-4,0,1328,-1,-2,0,328,0.000,0.000,-90,741,0,0,0,-114,167,2050,777,0,ARM|SERVO3,0,IDLE,1,1
4947,20633799,-1,-2,0,-191,-246,-17,0,0,0,0,0,-3,-4,0,1328,-1,-2,0,328,0.000,0.000,-90,741,0,0,0,-114,167,2049,777,0,ARM|SERVO3,0,IDLE,1,1
4948,20635801,-2,-2,0,-191,-246,-17,0,0,0,0,0,-3,-4,0,1328,-1,-2,0,328,0.000,0.000,-90,741,0,0,0,-114,167,2049,777,0,ARM|SERVO3,0,IDLE,1,1
4949,20637802,-1,-2,0,-191,-246,-17,0,0,0,0,0,-3,-4,0,1328,-1,-2,0,328,0.000,0.000,-90,741,0,0,0,-114,167,2048,777,0,ARM|SERVO3,0,IDLE,1,1
4950,20639802,-1,-2,0,-191,-246,-17,0,0,0,0,0,-3,-4,0,1328,-1,-2,0,328,0.000,0.000,-90,741,0,0,0,-114,168,2048,777,0,ARM|SERVO3,0,IDLE,1,1
4951,20641802,-1,-2,0,-191,-246,-17,0,0,0,0,0,-3,-4,0,1328,-1,-2,0,328,0.000,0.000,-90,741,0,0,0,-114,168,2049,777,0,ARM|SERVO3,0,IDLE,1,1
4952,20643802,-1,-2,0,-192,-247,-17,0,0,0,0,0,-3,-4,0,1328,-1,-2,0,328,0.000,0.000,-90,741,0,0,0,-114,168,2049,777,0,ARM|SERVO3,0,IDLE,1,1
4953,20646151,-1,-2,0,-192,-247,-17,0,0,0,0,0,-3,-4,0,1328,-1,-2,0,328,0.000,0.000,-90,741,0,0,0,-114,168,2049,777,0,ARM|SERVO3,0,IDLE,1,1
4954,20648151,-1,-2,0,-192,-247,-17,0,0,0,0,0,-3,-4,0,1328,-1,-2,0,328,0.000,0.000,-90,741,0,0,0,-114,168,2050,777,0,ARM|SERVO3,0,IDLE,1,1
4955,20650153,-1,-2,0,-192,-247,-17,0,0,0,0,0,-3,-4,0,1328,-1,-2,0,328,0.000,0.000,-90,741,0,0,0,-114,169,2050,777,0,ARM|SERVO3,0,IDLE,1,1
4956,20652153,-1,-1,0,-192,-247,-17,0,0,0,0,0,-3,-4,0,1328,-1,-2,0,328,0.000,0.000,-90,741,0,0,0,-114,169,2050,777,0,ARM|SERVO3,0,IDLE,1,1
4957,20654153,-1,-2,0,-192,-247,-17,0,0,0,0,0,-3,-4,0,1328,-1,-2,0,328,0.000,0.000,-90,741,0,0,0,-114,169,2050,777,0,ARM|SERVO3,0,IDLE,1,1
4958,20656155,-1,-2,0,-192,-247,-17,0,0,0,0,0,-3,-4,0,1328,-1,-2,0,328,0.000,0.000,-90,741,0,0,0,-114,169,2050,777,0,ARM|SERVO3,0,IDLE,1,1
4959,20658155,-1,-2,0,-192,-247,-17,0,0,0,0,0,-3,-4,0,1328,-1,-2,0,328,0.000,0.000,-90,741,0,0,0,-114,169,2050,777,0,ARM|SERVO3,0,IDLE,1,1
4960,20660155,-1,-2,0,-192,-247,-17,0,0,0,0,0,-3,-4,0,1328,-1,-2,0,328,0.000,0.000,-90,741,0,0,0,-114,169,2050,777,0,ARM|SERVO3,0,IDLE,1,1
4961,20662155,-1,-2,0,-192,-247,-17,0,0,0,0,0,-3,-4,0,1328,-1,-2,0,328,0.000,0.000,-90,741,0,0,0,-113,169,2049,777,0,ARM|SERVO3,0,IDLE,1,1
4962,20664160,-1,-2,0,-192,-247,-17,0,0,0,0,0,-3,-4,0,1328,-1,-2,0,328,0.000,0.000,-90,741,0,0,0,-113,170,2049,777,0,ARM|SERVO3,0,IDLE,1,1
4963,20666160,-1,-2,0,-192,-247,-17,0,0,0,0,0,-3,-4,0,1328,-1,-2,0,328,0.000,0.000,-90,741,0,0,0,-113,170,2048,777,0,ARM|SERVO3,0,IDLE,1,1
4964,20668160,-1,-2,0,-192,-247,-17,0,0,0,0,0,-3,-4,0,1328,-1,-2,0,328,0.000,0.000,-90,741,0,0,0,-113,170,2048,777,0,ARM|SERVO3,0,IDLE,1,1
4965,20670161,-1,-2,0,-192,-247,-17,0,0,0,0,0,-3,-4,0,1328,-1,-2,0,328,0.000,0.000,-90,741,0,0,0,-112,170,2049,777,0,ARM|SERVO3,0,IDLE,1,1
4966,20672161,-1,-2,0,-192,-247,-17,0,0,0,0,0,-3,-4,0,1328,-1,-2,0,328,0.000,0.000,-90,741,0,0,0,-112,170,2049,777,0,ARM|SERVO3,0,IDLE,1,1
4967,20674161,-1,-2,0,-192,-248,-17,0,0,0,0,0,-3,-4,0,1328,-1,-2,0,328,0.000,0.000,-90,741,0,0,0,-112,170,2050,777,0,ARM|SERVO3,0,IDLE,1,1
4968,20676161,-1,-2,0,-192,-248,-17,0,0,0,0,0,-3,-4,0,1328,-1,-2,0,328,0.000,0.000,-90,741,0,0,0,-112,170,2050,777,0,ARM|SERVO3,0,IDLE,1,1
4969,20678161,-1,-1,0,-192,-248,-17,0,0,0,0,0,-3,-4,0,1328,-1,-2,0,328,0.000,0.000,-90,741,0,0,0,-112,170,2051,777,0,ARM|SERVO3,0,IDLE,1,1
4970,20680161,-1,-1,0,-192,-248,-17,0,0,0,0,0,-3,-4,0,1328,-1,-2,0,328,0.000,0.000,-90,741,0,0,0,-112,170,2051,777,0,ARM|SERVO3,0,IDLE,1,1
4971,20682161,-1,-2,0,-193,-248,-17,0,0,0,0,0,-3,-4,0,1328,-1,-2,0,328,0.000,0.000,-94,741,0,0,0,-112,170,2052,777,0,ARM|SERVO3,0,IDLE,1,1
4972,20684161,-1,-2,0,-193,-248,-17,0,0,0,0,0,-3,-4,0,1328,-1,-2,0,328,0.000,0.000,-94,741,0,0,0,-113,170,2052,777,0,ARM|SERVO3,0,IDLE,1,1
4973,20686163,-1,-2,0,-193,-248,-17,0,0,0,0,0,-3,-4,0,1328,-1,-2,0,328,0.000,0.000,-94,741,0,0,0,-113,170,2052,777,0,ARM|SERVO3,0,IDLE,1,1
4974,20688163,-1,-2,0,-193,-248,-17,0,0,0,0,0,-3,-4,0,1328,-1,-2,0,328,0.000,0.000,-94,741,0,0,0,-113,170,2051,777,0,ARM|SERVO3,0,IDLE,1,1
4975,20690163,-1,-2,0,-193,-248,-17,0,0,0,0,0,-3,-4,0,1328,-1,-2,0,328,0.000,0.000,-94,741,0,0,0,-113,169,2051,777,0,ARM|SERVO3,0,IDLE,1,1
4976,20692428,-1,-2,0,-193,-248,-17,0,0,0,0,0,-3,-4,0,1328,-1,-2,0,328,0.000,0.000,-94,741,0,0,0,-113,169,2051,777,0,ARM|SERVO3,0,IDLE,1,1
4977,20694428,-1,-2,0,-193,-248,-17,0,0,0,0,0,-3,-4,0,1328,-1,-2,0,328,0.000,0.000,-94,741,0,0,0,-113,169,2051,777,0,ARM|SERVO3,0,IDLE,1,1
4978,20696428,-1,-2,0,-193,-248,-17,0,0,0,0,0,-3,-4,0,1328,-1,-2,0,328,0.000,0.000,-94,741,0,0,0,-113,168,2052,777,0,ARM|SERVO3,0,IDLE,1,1
4979,20698428,-1,-2,0,-193,-248,-17,0,0,0,0,0,-3,-4,0,1328,-1,-2,0,328,0.000,0.000,-94,741,0,0,0,-113,168,2052,777,0,ARM|SERVO3,0,IDLE,1,1
4980,20700429,-1,-2,0,-193,-248,-17,0,0,0,0,0,-3,-4,0,1328,-1,-2,0,328,0.000,0.000,-94,741,0,0,0,-113,168,2053,777,0,ARM|SERVO3,0,IDLE,1,1
4981,20702429,-1,-2,0,-193,-248,-17,0,0,0,0,0,-3,-4,0,1328,-1,-2,0,328,0.000,0.000,-94,741,0,0,0,-113,168,2054,777,0,ARM|SERVO3,0,IDLE,1,1
4982,20704432,-1,-2,0,-193,-249,-17,0,0,0,0,0,-3,-4,0,1328,-1,-2,0,328,0.000,0.000,-94,741,0,0,0,-112,168,2055,777,0,ARM|SERVO3,0,IDLE,1,1
4983,20706432,-1,-1,0,-193,-249,-17,0,0,0,0,0,-3,-4,0,1328,-1,-2,0,328,0.000,0.000,-96,741,0,0,0,-112,168,2056,777,0,ARM|SERVO3,0,IDLE,1,1
4984,20708432,-1,-1,0,-193,-249,-17,0,0,0,0,0,-3,-4,0,1328,-1,-2,0,328,0.000,0.000,-96,741,0,0,0,-112,167,2056,777,0,ARM|SERVO3,0,IDLE,1,1
4985,20710432,-1,-2,0,-193,-249,-17,0,0,0,0,0,-3,-4,0,1328,-1,-2,0,328,0.000,0.000,-96,741,0,0,0,-112,167,2056,777,0,ARM|SERVO3,0,IDLE,1,1
4986,20712434,-1,-2,0,-193,-249,-17,0,0,0,0,0,-3,-4,0,1328,-1,-2,0,328,0.000,0.000,-96,741,0,0,0,-112,167,2055,777,0,ARM|SERVO3,0,IDLE,1,1
4987,20714434,-2,-2,0,-193,-249,-17,0,0,0,0,0,-3,-4,0,1328,-1,-2,0,328,0.000,0.000,-96,741,0,0,0,-113,167,2055,777,0,ARM|SERVO3,0,IDLE,1,1
4988,20716441,-1,-2,0,-193,-249,-17,0,0,0,0,0,-3,-4,0,1328,-1,-2,0,328,0.000,0.000,-96,741,0,0,0,-113,167,2054,777,0,ARM|SERVO3,0,IDLE,1,1
4989,20718441,-1,-2,0,-194,-249,-17,0,0,0,0,0,-3,-4,0,1328,-1,-2,0,328,0.000,0.000,-96,741,0,0,0,-113,167,2054,777,0,ARM|SERVO3,0,IDLE,1,1
4990,20720442,-1,-2,0,-194,-249,-17,0,0,0,0,0,-3,-4,0,1328,-1,-2,0,328,0.000,0.000,-96,741,0,0,0,-113,167,2053,777,0,ARM|SERVO3,0,IDLE,1,1
4991,20722442,-1,-2,0,-194,-249,-17,0,0,0,0,0,-3,-4,0,1328,-1,-2,0,328,0.000,0.000,-96,741,0,0,0,-113,167,2053,777,0,ARM|SERVO3,0,IDLE,1,1
4992,20724443,-1,-2,0,-194,-249,-17,0,0,0,0,0,-3,-4,0,1328,-1,-2,0,328,0.000,0.000,-96,741,0,0,0,-113,167,2054,777,0,ARM|SERVO3,0,IDLE,1,1
4993,20726443,-1,-2,0,-194,-249,-17,0,0,0,0,0,-3,-4,0,1328,-1,-2,0,328,0.000,0.000,-96,741,0,0,0,-113,167,2054,777,0,ARM|SERVO3,0,IDLE,1,1
4994,20728443,-1,-2,0,-194,-249,-17,0,0,0,0,0,-3,-4,0,1328,-1,-2,0,328,0.000,0.000,-96,741,0,0,0,-113,167,2055,777,0,ARM|SERVO3,0,IDLE,1,1
4995,20730443,-1,-2,0,-194,-249,-17,0,0,0,0,0,-3,-4,0,1328,-1,-2,0,328,0.000,0.000,-96,741,0,0,0,-113,166,2055,777,0,ARM|SERVO3,0,IDLE,1,1
4996,20732443,-1,-2,0,-194,-249,-17,0,0,0,0,0,-3,-4,0,1328,-1,-2,0,328,0.000,0.000,-98,741,0,0,0,-113,166,2055,777,0,ARM|SERVO3,0,IDLE,1,1
4997,20734742,-1,-2,0,-194,-250,-17,0,0,0,0,0,-3,-4,0,1328,-1,-2,0,328,0.000,0.000,-98,741,0,0,0,-113,166,2056,777,0,ARM|SERVO3,0,IDLE,1,1
4998,20736744,-1,-2,0,-194,-250,-17,0,0,0,0,0,-3,-4,0,1328,-1,-2,0,328,0.000,0.000,-98,741,0,0,0,-113,166,2056,777,0,ARM|SERVO3,0,IDLE,1,1
4999,20738742,-1,-2,0,-194,-250,-17,0,0,0,0,0,-3,-4,0,1328,-1,-2,0,328,0.000,0.000,-98,741,0,0,0,-113,167,2056,777,0,ARM|SERVO3,0,IDLE,1,1
5000,20740742,-1,-2,0,-194,-250,-17,0,0,0,0,0,-3,-4,0,1328,-1,-2,0,328,0.000,0.000,-98,741,0,0,0,-113,167,2055,777,0,ARM|SERVO3,0,IDLE,1,1
5001,20742742,-2,-2,0,-194,-250,-17,0,0,0,0,0,-3,-4,0,1328,-1,-2,0,328,0.000,0.000,-98,741,0,0,0,-113,167,2055,777,0,ARM|SERVO3,0,IDLE,1,1
5002,20744745,-1,-2,0,-194,-250,-17,0,0,0,0,0,-3,-4,0,1328,-1,-2,0,328,0.000,0.000,-98,741,0,0,0,-113,167,2054,777,0,ARM|SERVO3,0,IDLE,1,1
5003,20746745,-2,-2,0,-194,-250,-17,0,0,0,0,0,-3,-4,0,1328,-1,-2,0,328,0.000,0.000,-98,741,0,0,0,-113,167,2054,777,0,ARM|SERVO3,0,IDLE,1,1
5004,20748746,-2,-2,0,-194,-250,-17,0,0,0,0,0,-3,-4,0,1328,-1,-2,0,328,0.000,0.000,-98,741,0,0,0,-113,167,2053,777,0,ARM|SERVO3,0,IDLE,1,1
5005,20750747,-1,-2,0,-194,-250,-17,0,0,0,0,0,-3,-4,0,1328,-1,-2,0,328,0.000,0.000,-98,741,0,0,0,-112,167,2052,777,0,ARM|SERVO3,0,IDLE,1,1
5006,20752746,-1,-2,0,-194,-250,-17,0,0,0,0,0,-3,-4,0,1328,-1,-2,0,328,0.000,0.000,-98,741,0,0,0,-112,167,2052,777,0,ARM|SERVO3,0,IDLE,1,1
5007,20754746,-1,-2,0,-195,-250,-17,0,0,0,0,0,-3,-4,0,1328,-1,-2,0,328,0.000,0.000,-98,741,0,0,0,-112,167,2053,777,0,ARM|SERVO3,0,IDLE,1,1
5008,20756746,-1,-2,0,-195,-250,-17,0,0,0,0,0,-3,-4,0,1328,-1,-2,0,328,0.000,0.000,-95,741,0,0,0,-112,167,2053,777,0,ARM|SERVO3,0,IDLE,1,1
5009,20758746,-1,-2,0,-195,-250,-17,0,0,0,0,0,-3,-4,0,1328,-1,-2,0,328,0.000,0.000,-95,741,0,0,0,-112,167,2053,777,0,ARM|SERVO3,0,IDLE,1,1
5010,20760746,-1,-2,0,-195,-250,-17,0,0,0,0,0,-3,-4,0,1328,-1,-2,0,328,0.000,0.000,-95,741,0,0,0,-112,167,2054,777,0,ARM|SERVO3,0,IDLE,1,1
5011,20762746,-1,-2,0,-195,-250,-17,0,0,0,0,0,-3,-4,0,1328,-1,-2,0,328,0.000,0.000,-95,741,0,0,0,-112,167,2053,777,0,ARM|SERVO3,0,IDLE,1,1
5012,20764746,-1,-2,0,-195,-251,-17,0,0,0,0,0,-3,-4,0,1328,-1,-2,0,328,0.000,0.000,-95,741,0,0,0,-112,167,2053,777,0,ARM|SERVO3,0,IDLE,1,1
5013,20766746,-1,-2,0,-195,-251,-17,0,0,0,0,0,-3,-4,0,1328,-1,-2,0,328,416.904,0.000,-95,741,0,0,0,-112,167,2052,777,0,ARM|SERVO3,0,IDLE,1,1
5014,20768747,-1,-2,0,-195,-251,-17,0,0,0,0,0,-3,-4,0,1328,-1,-2,0,328,416.904,0.000,-95,741,0,0,0,-112,167,2052,777,0,ARM|SERVO3,0,IDLE,1,1
5015,20770747,-1,-2,0,-195,-251,-17,0,0,0,0,0,-3,-4,0,1328,-1,-2,0,328,416.904,0.000,-95,741,0,0,0,-112,167,2051,777,0,ARM|SERVO3,0,IDLE,1,1
5016,20772749,-1,-2,0,-195,-251,-17,0,0,0,0,0,-3,-4,0,1328,-1,-2,0,328,416.904,0.000,-95,741,0,0,0,-111,167,2050,777,0,ARM|SERVO3,0,IDLE,1,1
5017,20774749,-2,-2,0,-195,-251,-17,0,0,0,0,0,-3,-4,0,1328,-1,-2,0,328,416.904,0.000,-95,741,0,0,0,-111,166,2049,777,0,ARM|SERVO3,0,IDLE,1,1
5018,20776750,-1,-2,0,-195,-251,-17,0,0,0,0,0,-3,-4,0,1328,-1,-2,0,328,416.904,0.000,-95,741,0,0,0,-111,166,2049,777,0,ARM|SERVO3,0,IDLE,1,1
5019,20778749,-1,-2,0,-195,-251,-17,0,0,0,0,0,-3,-4,0,1328,-1,-2,0,328,416.904,0.000,-95,741,0,0,0,-111,166,2048,777,0,ARM|SERVO3,0,IDLE,1,1
5020,20781075,-1,-2,0,-195,-251,-17,0,0,0,0,0,-3,-4,0,1328,-1,-2,0,328,416.904,0.000,-93,741,0,0,0,-112,166,2048,777,0,ARM|SERVO3,0,IDLE,1,1
5021,20783077,-1,-2,0,-195,-251,-17,0,0,0,0,0,-3,-4,0,1328,-1,-2,0,328,416.904,0.000,-93,741,0,0,0,-112,166,2049,777,0,ARM|SERVO3,0,IDLE,1,1
5022,20785076,-1,-2,0,-195,-251,-17,0,0,0,0,0,-3,-4,0,1328,-1,-2,0,328,416.904,0.000,-93,741,0,0,0,-112,166,2049,777,0,ARM|SERVO3,0,IDLE,1,1
5023,20787079,-1,-2,0,-195,-251,-17,0,0,0,0,0,-3,-4,0,1328,-1,-2,0,328,416.904,0.000,-93,741,0,0,0,-112,167,2049,777,0,ARM|SERVO3,0,IDLE,1,1
5024,20789078,-1,-2,0,-195,-251,-17,0,0,0,0,0,-3,-4,0,1328,-1,-2,0,328,562.140,0.000,-93,741,0,0,0,-111,167,2049,777,0,ARM|SERVO3,0,IDLE,1,1
5025,20791080,-1,-2,0,-195,-251,-17,0,0,0,0,0,-3,-4,0,1328,-1,-2,0,328,562.140,0.000,-93,741,0,0,0,-111,167,2050,777,0,ARM|SERVO3,0,IDLE,1,1
5026,20793078,-1,-2,0,-196,-252,-17,0,0,0,0,0,-3,-4,0,1328,-1,-2,0,328,562.140,0.000,-93,741,0,0,0,-111,167,2050,777,0,ARM|SERVO3,0,IDLE,1,1
5027,20795078,-1,-2,0,-196,-252,-17,0,0,0,0,0,-3,-4,0,1328,-1,-2,0,328,562.140,0.000,-93,741,0,0,0,-111,167,2050,777,0,ARM|SERVO3,0,IDLE,1,1
5028,20797084,-1,-2,0,-196,-252,-17,0,0,0,0,0,-3,-4,0,1328,-1,-2,0,328,562.140,0.000,-93,741,0,0,0,-111,167,2050,777,0,ARM|SERVO3,0,IDLE,1,1
5029,20799084,-1,-2,0,-196,-252,-17,0,0,0,0,0,-3,-4,0,1328,-1,-2,0,328,562.140,0.000,-93,741,0,0,0,-111,167,2049,777,0,ARM|SERVO3,0,IDLE,1,1
5030,20801083,-1,-2,0,-196,-252,-17,0,0,0,0,0,-3,-4,0,1328,-1,-2,0,328,562.140,0.000,-93,741,0,0,0,-111,168,2049,777,0,ARM|SERVO3,0,IDLE,1,1
5031,20803083,-1,-2,0,-196,-252,-17,0,0,0,0,0,-3,-4,0,1328,-1,-2,0,328,562.140,0.000,-93,741,0,0,0,-111,168,2049,777,0,ARM|SERVO3,0,IDLE,1,1
5032,20805084,-2,-2,0,-196,-252,-17,0,0,0,0,0,-3,-4,0,1328,-1,-2,0,328,562.140,0.000,-93,741,0,0,0,-111,168,2048,777,0,ARM|SERVO3,0,IDLE,1,1
5033,20807087,-1,-2,0,-196,-252,-17,0,0,0,0,0,-3,-4,0,1328,-1,-2,0,328,562.140,0.000,-93,741,0,0,0,-111,168,2049,777,0,ARM|SERVO3,0,IDLE,1,1
5034,20809085,-1,-2,0,-196,-252,-17,0,0,0,0,0,-3,-4,0,1328,-1,-2,0,328,562.140,0.000,-93,741,0,0,0,-111,168,2049,777,0,ARM|SERVO3,0,IDLE,1,1
5035,20811087,-1,-2,0,-196,-252,-17,0,0,0,0,0,-3,-4,0,1328,-1,-2,0,328,562.140,0.000,-93,741,0,0,0,-111,168,2050,777,0,ARM|SERVO3,0,IDLE,1,1
5036,20813087,-1,-2,0,-196,-252,-17,0,0,0,0,0,-3,-4,0,1328,-1,-2,0,328,562.140,0.000,-93,741,0,0,0,-111,168,2051,777,0,ARM|SERVO3,0,IDLE,1,1
5037,20815087,-1,-2,0,-196,-252,-17,0,0,0,0,0,-3,-4,0,1328,-1,-2,0,328,562.140,0.000,-93,741,0,0,0,-112,167,2051,777,0,ARM|SERVO3,0,IDLE,1,1
5038,20817089,-1,-2,0,-196,-252,-17,0,0,0,0,0,-3,-4,0,1328,-1,-2,0,328,562.140,0.000,-93,741,0,0,0,-112,167,2052,777,0,ARM|SERVO3,0,IDLE,1,1
5039,20819088,-1,-1,0,-196,-252,-17,0,0,0,0,0,-3,-4,0,1328,-1,-2,0,328,562.140,0.000,-93,741,0,0,0,-112,167,2052,777,0,ARM|SERVO3,0,IDLE,1,1
5040,20821089,-1,-1,0,-196,-252,-17,0,0,0,0,0,-3,-4,0,1328,-1,-2,0,328,562.140,0.000,-93,741,0,0,0,-112,167,2053,777,0,ARM|SERVO3,0,IDLE,1,1
5041,20823089,-1,-2,0,-196,-253,-17,0,0,0,0,0,-3,-4,0,1328,-1,-2,0,328,562.140,0.000,-93,741,0,0,0,-112,167,2053,777,0,ARM|SERVO3,0,IDLE,1,1
5042,20825419,-1,-2,0,-196,-253,-17,0,0,0,0,0,-3,-4,0,1328,-1,-2,0,328,562.140,0.000,-93,741,0,0,0,-112,166,2053,777,0,ARM|SERVO3,0,IDLE,1,1
5043,20827421,-1,-2,0,-196,-253,-17,0,0,0,0,0,-3,-4,0,1328,-1,-2,0,328,562.140,0.000,-93,741,0,0,0,-113,166,2052,777,0,ARM|SERVO3,0,IDLE,1,1
5044,20829419,-1,-2,0,-197,-253,-17,0,0,0,0,0,-3,-4,0,1328,-1,-2,0,328,562.140,0.000,-93,741,0,0,0,-113,166,2052,777,0,ARM|SERVO3,0,IDLE,1,1
5045,20831421,-2,-2,0,-197,-253,-17,0,0,0,0,0,-3,-4,0,1328,-1,-2,0,328,562.140,0.000,-92,741,0,0,0,-113,166,2052,777,0,ARM|SERVO3,0,IDLE,1,1
5046,20833424,-2,-2,0,-197,-253,-17,0,0,0,0,0,-3,-4,0,1328,-1,-2,0,328,562.140,0.000,-92,741,0,0,0,-113,166,2052,777,0,ARM|SERVO3,0,IDLE,1,1
5047,20835424,-1,-2,0,-197,-253,-17,0,0,0,0,0,-3,-4,0,1328,-1,-2,0,328,562.140,0.000,-92,741,0,0,0,-114,166,2052,777,0,ARM|SERVO3,0,IDLE,1,1
5048,20837428,-1,-2,0,-197,-253,-17,0,0,0,0,0,-3,-4,0,1328,-1,-2,0,328,562.140,0.000,-92,741,0,0,0,-114,166,2052,777,0,ARM|SERVO3,0,IDLE,1,1
5049,20839428,-1,-2,0,-197,-253,-17,0,0,0,0,0,-3,-4,0,1328,-1,-2,0,328,562.140,0.000,-92,741,0,0,0,-114,166,2053,777,0,ARM|SERVO3,0,IDLE,1,1
5050,20841429,-1,-2,0,-197,-253,-17,0,0,0,0,0,-3,-4,0,1328,-1,-2,0,328,562.140,0.000,-92,741,0,0,0,-114,166,2053,777,0,ARM|SERVO3,0,IDLE,1,1
5051,20843431,-1,-2,0,-197,-253,-17,0,0,0,0,0,-3,-4,0,1328,-1,-2,0,328,562.140,0.000,-92,741,0,0,0,-114,165,2054,777,0,ARM|SERVO3,0,IDLE,1,1
5052,20845433,-1,-2,0,-197,-253,-17,0,0,0,0,0,-3,-4,0,1328,-1,-2,0,328,562.140,0.000,-92,741,0,0,0,-114,165,2054,777,0,ARM|SERVO3,0,IDLE,1,1
5053,20847433,-1,-1,0,-197,-253,-17,0,0,0,0,0,-3,-4,0,1328,-1,-2,0,328,562.140,0.000,-92,741,0,0,0,-114,165,2054,777,0,ARM|SERVO3,0,IDLE,1,1
5054,20849435,-1,-2,0,-197,-253,-17,0,0,0,0,0,-3,-4,0,1328,-1,-2,0,328,562.140,0.000,-92,741,0,0,0,-114,165,2055,777,0,ARM|SERVO3,0,IDLE,1,1
5055,20851437,-1,-2,0,-197,-254,-17,0,0,0,0,0,-3,-4,0,1328,-1,-2,0,328,562.140,0.000,-92,741,0,0,0,-114,165,2054,777,0,ARM|SERVO3,0,IDLE,1,1
5056,20853435,-1,-2,0,-197,-254,-17,0,0,0,0,0,-3,-4,0,1328,-1,-2,0,328,562.140,0.000,-92,741,0,0,0,-114,165,2054,777,0,ARM|SERVO3,0,IDLE,1,1
5057,20855437,-1,-2,0,-197,-254,-17,0,0,0,0,0,-3,-4,0,1328,-1,-2,0,328,562.140,0.000,-92,741,0,0,0,-114,165,2054,777,0,ARM|SERVO3,0,IDLE,1,1
5058,20857435,-1,-2,0,-197,-254,-17,0,0,0,0,0,-3,-4,0,1328,-1,-2,0,328,562.140,0.000,-92,741,0,0,0,-113,166,2054,777,0,ARM|SERVO3,0,IDLE,1,1
5059,20859437,-1,-2,0,-197,-254,-17,0,0,0,0,0,-3,-4,0,1328,-1,-2,0,328,562.140,0.000,-92,741,0,0,0,-113,166,2053,777,0,ARM|SERVO3,0,IDLE,1,1
5060,20861436,-2,-2,0,-197,-254,-17,0,0,0,0,0,-3,-4,0,1328,-1,-2,0,328,562.140,0.000,-92,741,0,0,0,-113,166,2053,777,0,ARM|SERVO3,0,IDLE,1,1
5061,20863436,-1,-2,0,-197,-254,-17,0,0,0,0,0,-3,-4,0,1328,-1,-2,0,328,562.140,0.000,-92,741,0,0,0,-113,166,2053,777,0,ARM|SERVO3,0,IDLE,1,1
5062,20865436,-1,-2,0,-198,-254,-17,0,0,0,0,0,-3,-4,0,1328,-1,-2,0,328,562.140,0.000,-92,741,0,0,0,-113,166,2054,777,0,ARM|SERVO3,0,IDLE,1,1
5063,20867436,-1,-2,0,-198,-254,-17,0,0,0,0,0,-3,-4,0,1328,-1,-2,0,328,562.140,0.000,-92,741,0,0,0,-113,166,2054,777,0,ARM|SERVO3,0,IDLE,1,1
5064,20869436,-1,-2,0,-198,-254,-17,0,0,0,0,0,-3,-4,0,1328,-1,-2,0,328,562.140,0.000,-92,741,0,0,0,-112,167,2055,777,0,ARM|SERVO3,0,IDLE,1,1
5065,20871810,-1,-2,0,-198,-254,-17,0,0,0,0,0,-3,-4,0,1328,-1,-2,0,328,562.140,0.000,-92,741,0,0,0,-112,167,2055,777,0,ARM|SERVO3,0,IDLE,1,1
5066,20873809,-1,-2,0,-198,-254,-17,0,0,0,0,0,-3,-4,0,1328,-1,-2,0,328,562.140,0.000,-92,741,0,0,0,-112,167,2056,777,0,ARM|SERVO3,0,IDLE,1,1
5067,20875809,-1,-1,0,-198,-254,-17,0,0,0,0,0,-3,-4,0,1328,-1,-2,0,328,562.140,0.000,-92,741,0,0,0,-112,167,2056,777,0,ARM|SERVO3,0,IDLE,1,1
5068,20877810,-1,-2,0,-198,-254,-17,0,0,0,0,0,-3,-4,0,1328,-1,-2,0,328,562.140,0.000,-92,741,0,0,0,-112,167,2056,777,0,ARM|SERVO3,0,IDLE,1,1
5069,20879810,-1,-2,0,-198,-254,-17,0,0,0,0,0,-3,-4,0,1328,-1,-2,0,328,562.140,0.000,-92,741,0,0,0,-111,167,2056,777,0,ARM|SERVO3,0,IDLE,1,1
5070,20881811,-1,-2,0,-198,-255,-17,0,0,0,0,0,-3,-4,0,1328,-1,-2,0,328,562.140,0.000,-92,741,0,0,0,-111,167,2056,777,0,ARM|SERVO3,0,IDLE,1,1
5071,20883813,-1,-2,0,-198,-255,-18,0,0,0,0,0,-3,-4,0,1328,-1,-2,0,328,562.140,0.000,-92,741,0,0,0,-111,167,2055,777,0,ARM|SERVO3,0,IDLE,1,1
5072,20885813,-1,-2,0,-198,-255,-18,0,0,0,0,0,-3,-4,0,1328,-1,-2,0,328,562.140,0.000,-92,741,0,0,0,-111,167,2055,777,0,ARM|SERVO3,0,IDLE,1,1
5073,20887816,-1,-2,0,-198,-255,-18,0,0,0,0,0,-3,-4,0,1328,-1,-2,0,328,562.140,0.000,-92,741,0,0,0,-111,166,2054,777,0,ARM|SERVO3,0,IDLE,1,1
5074,20889815,-1,-2,0,-198,-255,-18,0,0,0,0,0,-3,-4,0,1328,-1,-2,0,328,562.140,0.000,-92,741,0,0,0,-111,166,2054,777,0,ARM|SERVO3,0,IDLE,1,1
5075,20891819,-1,-2,0,-198,-255,-18,0,0,0,0,0,-3,-4,0,1328,-1,-2,0,328,562.140,0.000,-92,741,0,0,0,-111,166,2054,777,0,ARM|SERVO3,0,IDLE,1,1
5076,20893818,-1,-2,0,-198,-255,-18,0,0,0,0,0,-3,-4,0,1328,-1,-2,0,328,562.140,0.000,-92,741,0,0,0,-111,166,2054,777,0,ARM|SERVO3,0,IDLE,1,1
5077,20895822,-1,-2,0,-198,-255,-18,0,0,0,0,0,-3,-4,0,1328,-1,-2,0,328,562.140,0.000,-92,741,0,0,0,-111,166,2055,777,0,ARM|SERVO3,0,IDLE,1,1
5078,20897827,-1,-2,0,-198,-255,-18,0,0,0,0,0,-3,-4,0,1328,-1,-2,0,328,562.140,0.000,-92,741,0,0,0,-111,166,2055,777,0,ARM|SERVO3,0,IDLE,1,1
5079,20899828,-1,-2,0,-198,-255,-18,0,0,0,0,0,-3,-4,0,1328,-1,-2,0,328,562.140,0.000,-92,741,0,0,0,-111,166,2055,777,0,ARM|SERVO3,0,IDLE,1,1
5080,20901828,-1,-2,0,-199,-255,-18,0,0,0,0,0,-3,-4,0,1328,-1,-2,0,328,562.140,0.000,-92,741,0,0,0,-111,166,2056,777,0,ARM|SERVO3,0,IDLE,1,1
5081,20903830,-1,-1,0,-199,-255,-18,0,0,0,0,0,-3,-4,0,1328,-1,-2,0,328,562.140,0.000,-92,741,0,0,0,-111,166,2056,777,0,ARM|SERVO3,0,IDLE,1,1
5082,20905828,-1,-1,0,-199,-255,-18,0,0,0,0,0,-3,-4,0,1328,-1,-2,0,328,562.140,0.000,-92,741,0,0,0,-111,166,2056,777,0,ARM|SERVO3,0,IDLE,1,1
5083,20907828,-1,-1,0,-199,-255,-18,0,0,0,0,0,-3,-4,0,1328,-1,-2,0,328,562.140,0.000,-92,741,0,0,0,-111,166,2056,777,0,ARM|SERVO3,0,IDLE,1,1
5084,20909828,-1,-2,0,-199,-255,-18,0,0,0,0,0,-3,-4,0,1328,-1,-2,0,328,562.140,0.000,-92,741,0,0,0,-111,166,2056,777,0,ARM|SERVO3,0,IDLE,1,1
5085,20911828,-1,-2,0,-199,-256,-18,0,0,0,0,0,-3,-4,0,1328,-1,-2,0,328,562.140,0.000,-92,741,0,0,0,-111,166,2056,777,0,ARM|SERVO3,0,IDLE,1,1
5086,20913828,-1,-2,0,-199,-256,-18,0,0,0,0,0,-3,-4,0,1328,-1,-2,0,328,562.140,0.000,-92,741,0,0,0,-112,166,2056,777,0,ARM|SERVO3,0,IDLE,1,1
5087,20915828,-2,-2,0,-199,-256,-18,0,-1,0,0,0,-3,-4,0,1328,-1,-2,0,328,562.140,0.000,-92,741,0,0,0,-112,166,2055,777,0,ARM|SERVO3,0,IDLE,1,1
5088,20918204,-2,-2,0,-199,-256,-18,0,0,0,0,0,-3,-4,0,1328,-1,-2,0,328,562.140,0.000,-92,741,0,0,0,-112,166,2054,777,0,ARM|SERVO3,0,IDLE,1,1
5089,20920204,-1,-2,0,-199,-256,-18,0,0,0,0,0,-3,-4,0,1328,-1,-2,0,328,562.140,0.000,-92,741,0,0,0,-112,166,2054,777,0,ARM|SERVO3,0,IDLE,1,1
5090,20922204,-1,-2,0,-199,-256,-18,0,0,0,0,0,-3,-4,0,1328,-1,-2,0,328,562.140,0.000,-92,741,0,0,0,-112,166,2054,777,0,ARM|SERVO3,0,IDLE,1,1
5091,20924206,-1,-2,0,-199,-256,-18,0,0,0,0,0,-3,-4,0,1328,-1,-2,0,328,562.140,0.000,-92,741,0,0,0,-112,166,2055,777,0,ARM|SERVO3,0,IDLE,1,1
5092,20926205,-1,-2,0,-199,-256,-18,0,0,0,0,0,-3,-4,0,1328,-1,-2,0,328,562.140,0.000,-92,741,0,0,0,-112,166,2055,777,0,ARM|SERVO3,0,IDLE,1,1
5093,20928209,-1,-2,0,-199,-256,-18,0,0,0,0,0,-3,-4,0,1328,-1,-2,0,328,562.140,0.000,-92,741,0,0,0,-112,166,2056,777,0,ARM|SERVO3,0,IDLE,1,1
5094,20930208,-1,-2,0,-199,-256,-18,0,0,0,0,0,-3,-4,0,1328,-1,-2,0,328,562.140,0.000,-92,741,0,0,0,-112,165,2056,777,0,ARM|SERVO3,0,IDLE,1,1
5095,20932212,-1,-1,0,-199,-256,-18,0,0,0,0,0,-3,-4,0,1328,-1,-2,0,328,562.140,0.000,-95,741,0,0,0,-112,165,2057,777,0,ARM|SERVO3,0,IDLE,1,1
5096,20934211,-1,-1,0,-199,-256,-18,0,0,0,0,0,-3,-4,0,1328,-1,-2,0,328,562.140,0.000,-95,741,0,0,0,-112,165,2057,777,0,ARM|SERVO3,0,IDLE,1,1
5097,20936215,-2,-2,0,-199,-256,-18,0,0,0,0,0,-3,-4,0,1328,-1,-2,0,328,562.140,0.000,-95,741,0,0,0,-112,165,2057,777,0,ARM|SERVO3,0,IDLE,1,1
5098,20938215,-1,-2,0,-200,-256,-18,0,0,0,0,0,-3,-4,0,1328,-1,-2,0,328,562.140,0.000,-95,741,0,0,0,-112,165,2057,777,0,ARM|SERVO3,0,IDLE,1,1
5099,20940219,-1,-2,0,-200,-257,-18,0,0,0,0,0,-3,-4,0,1328,-1,-2,0,328,562.140,0.000,-95,741,0,0,0,-112,165,2057,777,0,ARM|SERVO3,0,IDLE,1,1
5100,20942216,-1,-2,0,-200,-257,-18,0,0,0,0,0,-3,-4,0,1328,-1,-2,0,328,562.140,0.000,-95,741,0,0,0,-112,165,2056,777,0,ARM|SERVO3,0,IDLE,1,1
5101,20944216,-1,-2,0,-200,-257,-18,0,0,0,0,0,-3,-4,0,1328,-1,-2,0,328,562.140,0.000,-95,741,0,0,0,-112,165,2056,777,0,ARM|SERVO3,0,IDLE,1,1
5102,20946215,-1,-2,0,-200,-257,-18,0,0,0,0,0,-3,-4,0,1328,-1,-2,0,328,562.140,0.000,-95,741,0,0,0,-112,164,2056,777,0,ARM|SERVO3,0,IDLE,1,1
5103,20948217,-1,-2,0,-200,-257,-18,0,0,0,0,0,-3,-4,0,1328,-1,-2,0,328,562.140,0.000,-95,741,0,0,0,-113,164,2056,777,0,ARM|SERVO3,0,IDLE,1,1
5104,20950215,-1,-2,0,-200,-257,-18,0,0,0,0,0,-3,-4,0,1328,-1,-2,0,328,562.140,0.000,-95,741,0,0,0,-113,164,2057,777,0,ARM|SERVO3,0,IDLE,1,1
5105,20952216,-1,-2,0,-200,-257,-18,0,0,0,0,0,-3,-4,0,1328,-1,-2,0,328,562.140,0.000,-95,741,0,0,0,-113,164,2057,777,0,ARM|SERVO3,0,IDLE,1,1
5106,20954215,-1,-2,0,-200,-257,-18,0,0,0,0,0,-3,-4,0,1328,-1,-2,0,328,562.140,0.000,-95,741,0,0,0,-113,164,2058,777,0,ARM|SERVO3,0,IDLE,1,1
5107,20956217,-1,-2,0,-200,-257,-18,0,0,0,0,0,-3,-4,0,1328,-1,-2,0,328,562.140,0.000,-97,741,0,0,0,-113,165,2058,777,0,ARM|SERVO3,0,IDLE,1,1
5108,20958217,-1,-2,0,-200,-257,-18,0,0,0,0,0,-3,-4,0,1328,-1,-2,0,328,562.140,0.000,-97,741,0,0,0,-113,165,2059,777,0,ARM|SERVO3,0,IDLE,1,1
5109,20960565,-1,-2,0,-200,-257,-18,0,0,0,0,0,-3,-4,0,1328,-1,-2,0,328,562.140,0.000,-97,741,0,0,0,-113,165,2059,777,0,ARM|SERVO3,0,IDLE,1,1
5110,20962564,-1,-2,0,-200,-257,-18,0,0,0,0,0,-3,-4,0,1328,-1,-2,0,328,562.140,0.000,-97,741,0,0,0,-112,165,2059,777,0,ARM|SERVO3,0,IDLE,1,1
5111,20964568,-1,-2,0,-200,-257,-18,0,0,0,0,0,-3,-4,0,1328,-1,-2,0,328,562.140,0.000,-97,741,0,0,0,-112,165,2059,777,0,ARM|SERVO3,0,IDLE,1,1
5112,20966567,-1,-2,0,-200,-257,-18,0,0,0,0,0,-3,-4,0,1328,-1,-2,0,328,562.140,0.000,-97,741,0,0,0,-112,165,2058,777,0,ARM|SERVO3,0,IDLE,1,1
5113,20968568,-1,-2,0,-200,-257,-18,0,0,0,0,0,-3,-4,0,1328,-1,-2,0,328,562.140,0.000,-97,741,0,0,0,-112,165,2057,777,0,ARM|SERVO3,0,IDLE,1,1
5114,20970570,-1,-2,0,-200,-258,-18,0,0,0,0,0,-3,-4,0,1328,-1,-2,0,328,562.140,0.000,-97,741,0,0,0,-112,166,2056,777,0,ARM|SERVO3,0,IDLE,1,1
5115,20972567,-1,-2,0,-200,-258,-18,0,0,0,0,0,-3,-4,0,1328,-1,-2,0,328,562.140,0.000,-97,741,0,0,0,-112,166,2055,777,0,ARM|SERVO3,0,IDLE,1,1
5116,20974567,-1,-2,0,-201,-258,-18,0,0,0,0,0,-3,-4,0,1328,-1,-2,0,328,562.140,0.000,-97,741,0,0,0,-112,166,2054,777,0,ARM|SERVO3,0,IDLE,1,1
5117,20976573,-1,-2,0,-201,-258,-18,0,0,0,0,0,-3,-4,0,1328,-1,-2,0,328,562.140,0.000,-97,741,0,0,0,-112,166,2054,777,0,ARM|SERVO3,0,IDLE,1,1
5118,20978574,-1,-2,0,-201,-258,-18,0,0,0,0,0,-3,-4,0,1328,-1,-2,0,328,562.140,0.000,-97,741,0,0,0,-112,166,2054,777,0,ARM|SERVO3,0,IDLE,1,1
5119,20980572,-1,-2,0,-201,-258,-18,0,0,0,0,0,-3,-4,0,1328,-1,-2,0,328,562.140,0.000,-97,741,0,0,0,-112,166,2054,777,0,ARM|SERVO3,0,IDLE,1,1
5120,20982574,-1,-2,0,-201,-258,-18,0,0,0,0,0,-3,-4,0,1328,-1,-2,0,328,562.140,0.000,-98,741,0,0,0,-112,167,2054,777,0,ARM|SERVO3,0,IDLE,1,1
5121,20984573,-1,-2,0,-201,-258,-18,0,0,0,0,0,-3,-4,0,1328,-1,-2,0,328,562.140,0.000,-98,741,0,0,0,-112,167,2054,777,0,ARM|SERVO3,0,IDLE,1,1
5122,20986573,-1,-2,0,-201,-258,-18,0,0,0,0,0,-3,-4,0,1328,-1,-2,0,328,562.140,0.000,-98,741,0,0,0,-112,167,2054,777,0,ARM|SERVO3,0,IDLE,1,1
5123,20988573,-1,-1,0,-201,-258,-18,0,0,0,0,0,-3,-4,0,1328,-1,-2,0,328,145.235,0.000,-98,741,0,0,0,-112,167,2055,777,0,ARM|SERVO3,0,IDLE,1,1
5124,20990575,-1,-1,0,-201,-258,-18,0,0,0,0,0,-3,-4,0,1328,-1,-2,0,328,145.235,0.000,-98,741,0,0,0,-112,166,2054,777,0,ARM|SERVO3,0,IDLE,1,1
5125,20992574,-1,-2,0,-201,-258,-18,0,0,0,0,0,-3,-4,0,1328,-1,-2,0,328,145.235,0.000,-98,741,0,0,0,-112,166,2054,777,0,ARM|SERVO3,0,IDLE,1,1
5126,20994575,-1,-2,0,-201,-258,-18,0,0,0,0,0,-3,-4,0,1328,-1,-2,0,328,145.235,0.000,-98,741,0,0,0,-112,166,2054,777,0,ARM|SERVO3,0,IDLE,1,1
5127,20996576,-1,-2,0,-201,-258,-18,0,0,0,0,0,-3,-4,0,1328,-1,-2,0,328,145.235,0.000,-98,741,0,0,0,-112,166,2053,777,0,ARM|SERVO3,0,IDLE,1,1
5128,20998576,-1,-2,0,-201,-258,-18,0,0,0,0,0,-3,-4,0,1328,-1,-2,0,328,145.235,0.000,-98,741,0,0,0,-112,166,2053,777,0,ARM|SERVO3,0,IDLE,1,1
5129,21000577,-2,-2,0,-201,-259,-18,0,0,0,0,0,-3,-4,0,1328,-1,-2,0,328,145.235,0.000,-98,741,0,0,0,-112,166,2052,777,0,ARM|SERVO3,0,IDLE,1,1
5130,21002578,-1,-2,0,-201,-259,-18,0,0,0,0,0,-3,-4,0,1328,-1,-2,0,328,145.235,0.000,-98,741,0,0,0,-112,166,2051,777,0,ARM|SERVO3,0,IDLE,1,1
5131,21004578,-1,-2,0,-201,-259,-18,0,0,0,0,0,-3,-4,0,1328,-1,-2,0,328,145.235,0.000,-98,741,0,0,0,-112,166,2051,777,0,ARM|SERVO3,0,IDLE,1,1
5132,21006927,-1,-2,0,-201,-259,-18,0,0,0,0,0,-3,-4,0,1328,-1,-2,0,328,145.235,0.000,-99,741,0,0,0,-113,166,2052,777,0,ARM|SERVO3,0,IDLE,1,1
5133,21008926,-1,-2,0,-201,-259,-18,0,0,0,0,0,-3,-4,0,1328,-1,-2,0,328,145.235,0.000,-99,741,0,0,0,-113,167,2052,777,0,ARM|SERVO3,0,IDLE,1,1
5134,21010926,-1,-2,0,-201,-259,-18,0,0,0,0,0,-3,-4,0,1328,-1,-2,0,328,145.235,0.000,-99,741,0,0,0,-113,167,2053,777,0,ARM|SERVO3,0,IDLE,1,1
5135,21012926,-1,-2,0,-202,-259,-18,0,0,0,0,0,-3,-4,0,1328,-1,-2,0,328,145.235,0.000,-99,741,0,0,0,-113,167,2053,777,0,ARM|SERVO3,0,IDLE,1,1
5136,21014926,-1,-2,0,-202,-259,-18,0,0,0,0,0,-3,-4,0,1328,-1,-2,0,328,0.000,0.000,-99,741,0,0,0,-113,167,2054,777,0,ARM|SERVO3,0,IDLE,1,1
5137,21016926,-1,-2,0,-202,-259,-18,0,0,0,0,0,-3,-4,0,1328,-1,-2,0,328,0.000,0.000,-99,741,0,0,0,-113,167,2055,777,0,ARM|SERVO3,0,IDLE,1,1
5138,21018926,-1,-1,0,-202,-259,-18,0,0,0,0,0,-3,-4,0,1328,-1,-2,0,328,0.000,0.000,-99,741,0,0,0,-113,167,2055,777,0,ARM|SERVO3,0,IDLE,1,1
5139,21020927,-1,-2,0,-202,-259,-18,0,0,0,0,0,-3,-4,0,1328,-1,-2,0,328,0.000,0.000,-99,741,0,0,0,-113,167,2055,777,0,ARM|SERVO3,0,IDLE,1,1
5140,21022927,-1,-2,0,-202,-259,-18,0,0,0,0,0,-3,-4,0,1328,-1,-2,0,328,0.000,0.000,-99,741,0,0,0,-113,168,2055,777,0,ARM|SERVO3,0,IDLE,1,1
5141,21024927,-1,-2,0,-202,-259,-18,0,0,0,0,0,-3,-4,0,1328,-1,-2,0,328,0.000,0.000,-99,741,0,0,0,-113,168,2055,777,0,ARM|SERVO3,0,IDLE,1,1
5142,21026929,-1,-2,0,-202,-259,-18,0,0,0,0,0,-3,-4,0,1328,-1,-2,0,328,0.000,0.000,-99,741,0,0,0,-113,168,2055,777,0,ARM|SERVO3,0,IDLE,1,1
5143,21028931,-1,-2,0,-202,-260,-18,0,0,0,0,0,-3,-4,0,1328,-1,-2,0,328,0.000,0.000,-99,741,0,0,0,-114,168,2054,777,0,ARM|SERVO3,0,IDLE,1,1
5144,21030933,-1,-2,0,-202,-260,-18,0,0,0,0,0,-3,-4,0,1328,-1,-2,0,328,0.000,0.000,-99,741,0,0,0,-114,168,2054,777,0,ARM|SERVO3,0,IDLE,1,1
5145,21032933,-1,-2,0,-202,-260,-18,0,0,0,0,0,-3,-4,0,1328,-1,-2,0,328,0.000,0.000,-99,741,0,0,0,-114,169,2054,777,0,ARM|SERVO3,0,IDLE,1,1
5146,21034933,-1,-2,0,-202,-260,-18,0,0,0,0,0,-3,-4,0,1328,-1,-2,0,328,0.000,0.000,-99,741,0,0,0,-114,169,2055,777,0,ARM|SERVO3,0,IDLE,1,1
5147,21036935,-1,-2,0,-202,-260,-18,0,0,0,0,0,-3,-4,0,1328,-1,-2,0,328,0.000,0.000,-99,741,0,0,0,-114,169,2056,777,0,ARM|SERVO3,0,IDLE,1,1
5148,21038935,-1,-2,0,-202,-260,-18,0,0,0,0,0,-3,-4,0,1328,-1,-2,0,328,0.000,0.000,-99,741,0,0,0,-114,169,2056,777,0,ARM|SERVO3,0,IDLE,1,1
5149,21040937,-1,-2,0,-202,-260,-18,0,0,0,0,0,-3,-4,0,1328,-1,-2,0,328,0.000,0.000,-99,741,0,0,0,-114,169,2057,777,0,ARM|SERVO3,0,IDLE,1,1
5150,21042941,-1,-2,0,-202,-260,-18,0,0,0,0,0,-3,-4,0,1328,-1,-2,0,328,0.000,0.000,-99,741,0,0,0,-113,168,2057,777,0,ARM|SERVO3,0,IDLE,1,1
5151,21044939,-1,-1,0,-202,-260,-18,0,0,0,0,0,-3,-4,0,1328,-1,-2,0,328,0.000,0.000,-99,741,0,0,0,-113,168,2058,777,0,ARM|SERVO3,0,IDLE,1,1
5152,21046939,-1,-2,0,-202,-260,-18,0,0,0,0,0,-3,-4,0,1328,-1,-2,0,328,0.000,0.000,-99,741,0,0,0,-113,168,2058,777,0,ARM|SERVO3,0,IDLE,1,1
5153,21048939,-1,-2,0,-203,-260,-18,0,0,0,0,0,-3,-4,0,1328,-1,-2,0,328,0.000,0.000,-99,741,0,0,0,-113,168,2057,777,0,ARM|SERVO3,0,IDLE,1,1
5154,21051198,-1,-1,0,-203,-260,-18,0,0,0,0,0,-3,-4,0,1328,-1,-2,0,328,0.000,0.000,-99,741,0,0,0,-113,168,2057,777,0,ARM|SERVO3,0,IDLE,1,1
5155,21053198,-1,-2,0,-203,-260,-18,0,0,0,0,0,-3,-4,0,1328,-1,-2,0,328,0.000,0.000,-99,741,0,0,0,-113,168,2057,777,0,ARM|SERVO3,0,IDLE,1,1
5156,21055198,-1,-2,0,-203,-260,-18,0,0,0,0,0,-3,-4,0,1328,-1,-2,0,328,0.000,0.000,-99,741,0,0,0,-113,167,2056,777,0,ARM|SERVO3,0,IDLE,1,1
5157,21057198,-2,-2,0,-203,-260,-18,0,0,0,0,0,-3,-4,0,1328,-1,-2,0,328,0.000,0.000,-99,741,0,0,0,-113,167,2055,777,0,ARM|SERVO3,0,IDLE,1,1
5158,21059198,-2,-2,0,-203,-261,-18,0,0,0,0,0,-3,-4,0,1328,-1,-2,0,328,0.000,0.000,-99,741,0,0,0,-113,167,2055,777,0,ARM|SERVO3,0,IDLE,1,1
5159,21061198,-1,-2,0,-203,-261,-18,0,0,0,0,0,-3,-4,0,1328,-1,-2,0,328,0.000,0.000,-99,741,0,0,0,-113,167,2055,777,0,ARM|SERVO3,0,IDLE,1,1
5160,21063200,-1,-2,0,-203,-261,-18,1,0,0,0,0,-3,-4,0,1328,-1,-2,0,328,0.000,0.000,-99,741,0,0,0,-113,167,2055,777,0,ARM|SERVO3,0,IDLE,1,1
5161,21065198,-1,-2,0,-203,-261,-18,0,0,0,0,0,-3,-4,0,1328,-1,-2,0,328,0.000,0.000,-99,741,0,0,0,-112,167,2055,777,0,ARM|SERVO3,0,IDLE,1,1
5162,21067200,-1,-2,0,-203,-261,-18,0,0,0,0,0,-3,-4,0,1328,-1,-2,0,328,0.000,0.000,-99,741,0,0,0,-112,167,2056,777,0,ARM|SERVO3,0,IDLE,1,1
5163,21069200,-1,-2,0,-203,-261,-18,0,0,0,0,0,-3,-4,0,1328,-1,-2,0,328,0.000,0.000,-99,741,0,0,0,-112,167,2056,777,0,ARM|SERVO3,0,IDLE,1,1
5164,21071200,-1,-2,0,-203,-261,-18,0,0,0,0,0,-3,-4,0,1328,-1,-2,0,328,0.000,0.000,-99,741,0,0,0,-112,167,2056,777,0,ARM|SERVO3,0,IDLE,1,1
5165,21073200,-1,-1,0,-203,-261,-18,0,0,0,0,0,-3,-4,0,1328,-1,-2,0,328,0.000,0.000,-99,741,0,0,0,-112,167,2057,777,0,ARM|SERVO3,0,IDLE,1,1
5166,21075200,-1,-2,0,-203,-261,-18,0,0,0,0,0,-3,-4,0,1328,-1,-2,0,328,0.000,0.000,-99,741,0,0,0,-112,167,2056,777,0,ARM|SERVO3,0,IDLE,1,1
5167,21077201,-1,-2,0,-203,-261,-18,0,0,0,0,0,-3,-4,0,1328,-1,-2,0,328,0.000,0.000,-99,741,0,0,0,-112,167,2056,777,0,ARM|SERVO3,0,IDLE,1,1
5168,21079201,-1,-2,0,-203,-261,-18,0,0,0,0,0,-3,-4,0,1328,-1,-2,0,328,0.000,0.000,-99,741,0,0,0,-112,167,2056,777,0,ARM|SERVO3,0,IDLE,1,1
5169,21081201,-1,-2,0,-203,-261,-18,0,0,0,0,0,-3,-4,0,1328,-1,-2,0,328,0.000,0.000,-99,741,0,0,0,-112,168,2056,777,0,ARM|SERVO3,0,IDLE,1,1
5170,21083201,-1,-2,0,-203,-261,-18,0,0,0,0,0,-3,-4,0,1328,-1,-2,0,328,0.000,0.000,-99,741,0,0,0,-112,168,2055,777,0,ARM|SERVO3,0,IDLE,1,1
5171,21085201,-1,-2,0,-203,-261,-18,0,0,0,0,0,-3,-4,0,1328,-1,-2,0,328,0.000,0.000,-99,741,0,0,0,-112,168,2055,777,0,ARM|SERVO3,0,IDLE,1,1
5172,21087201,-1,-2,0,-204,-261,-18,0,0,0,0,0,-3,-4,0,1328,-1,-2,0,328,0.000,0.000,-99,741,0,0,0,-112,168,2054,777,0,ARM|SERVO3,0,IDLE,1,1
5173,21089201,-1,-2,0,-204,-262,-18,0,0,0,0,0,-3,-4,0,1328,-1,-2,0,328,0.000,0.000,-99,741,0,0,0,-111,168,2054,777,0,ARM|SERVO3,0,IDLE,1,1
5174,21091201,-1,-2,0,-204,-262,-18,0,0,0,0,0,-3,-4,0,1328,-1,-2,0,328,0.000,0.000,-99,741,0,0,0,-111,168,2055,777,0,ARM|SERVO3,0,IDLE,1,1
5175,21093201,-1,-2,0,-204,-262,-18,0,0,0,0,0,-3,-4,0,1328,-1,-2,0,328,0.000,0.000,-99,741,0,0,0,-111,168,2056,777,0,ARM|SERVO3,0,IDLE,1,1
5176,21095201,-1,-2,0,-204,-262,-18,0,0,0,0,0,-3,-4,0,1328,-1,-2,0,328,0.000,0.000,-99,741,0,0,0,-111,168,2056,777,0,ARM|SERVO3,0,IDLE,1,1
5177,21097599,-1,-2,0,-204,-262,-18,0,0,0,0,0,-3,-4,0,1328,-1,-2,0,328,0.000,0.000,-99,741,0,0,0,-111,167,2056,777,0,ARM|SERVO3,0,IDLE,1,1
5178,21099600,-1,-2,0,-204,-262,-18,0,0,0,0,0,-3,-4,0,1328,-1,-2,0,328,0.000,0.000,-99,741,0,0,0,-111,167,2056,777,0,ARM|SERVO3,0,IDLE,1,1
5179,21101600,-1,-2,0,-204,-262,-18,0,0,0,0,0,-3,-4,0,1328,-1,-2,0,328,0.000,0.000,-99,741,0,0,0,-111,167,2056,777,0,ARM|SERVO3,0,IDLE,1,1
5180,21103600,-1,-2,0,-204,-262,-18,0,0,0,0,0,-3,-4,0,1328,-1,-2,0,328,0.000,0.000,-99,741,0,0,0,-111,167,2056,777,0,ARM|SERVO3,0,IDLE,1,1
5181,21105602,-1,-2,0,-204,-262,-18,0,0,0,0,0,-3,-4,0,1328,-1,-2,0,328,0.000,0.000,-99,741,0,0,0,-112,167,2055,777,0,ARM|SERVO3,0,IDLE,1,1
5182,21107603,-1,-2,0,-204,-262,-18,0,0,0,0,0,-3,-4,0,1328,-1,-2,0,328,0.000,0.000,-99,741,0,0,0,-112,167,2055,777,0,ARM|SERVO3,0,IDLE,1,1
5183,21109603,-1,-2,0,-204,-262,-18,0,0,0,0,0,-3,-4,0,1328,-1,-2,0,328,0.000,0.000,-99,741,0,0,0,-113,167,2054,777,0,ARM|SERVO3,0,IDLE,1,1
5184,21111603,-1,-2,0,-204,-262,-18,0,0,0,0,0,-3,-4,0,1328,-1,-2,0,328,0.000,0.000,-99,741,0,0,0,-113,167,2053,777,0,ARM|SERVO3,0,IDLE,1,1
5185,21113603,-2,-2,0,-204,-262,-18,0,0,0,0,0,-3,-4,0,1328,-1,-2,0,328,0.000,0.000,-99,741,0,0,0,-113,167,2052,777,0,ARM|SERVO3,0,IDLE,1,1
5186,21115603,-1,-2,0,-204,-262,-18,0,0,0,0,0,-3,-4,0,1328,-1,-2,0,328,0.000,0.000,-99,741,0,0,0,-113,167,2051,777,0,ARM|SERVO3,0,IDLE,1,1
5187,21117604,-1,-2,0,-204,-263,-18,0,0,0,0,0,-3,-4,0,1328,-1,-2,0,328,0.000,0.000,-99,741,0,0,0,-113,168,2051,777,0,ARM|SERVO3,0,IDLE,1,1
5188,21119604,-1,-1,0,-204,-263,-18,0,1,0,0,0,-3,-4,0,1328,-1,-2,0,328,0.000,0.000,-99,741,0,0,0,-114,168,2051,777,0,ARM|SERVO3,0,IDLE,1,1
5189,21121605,-1,-2,0,-204,-263,-18,0,0,0,0,0,-3,-4,0,1328,-1,-2,0,328,0.000,0.000,-99,741,0,0,0,-114,168,2051,777,0,ARM|SERVO3,0,IDLE,1,1
5190,21123605,-1,-2,0,-205,-263,-18,0,0,0,0,0,-3,-4,0,1328,-1,-2,0,328,0.000,0.000,-99,741,0,0,0,-114,168,2052,777,0,ARM|SERVO3,0,IDLE,1,1
5191,21125605,-1,-2,0,-205,-263,-18,0,0,0,0,0,-3,-4,0,1328,-1,-2,0,328,0.000,0.000,-99,741,0,0,0,-114,168,2052,777,0,ARM|SERVO3,0,IDLE,1,1
5192,21127605,-1,-2,0,-205,-263,-18,0,0,0,0,0,-3,-4,0,1328,-1,-2,0,328,0.000,0.000,-99,741,0,0,0,-114,168,2053,777,0,ARM|SERVO3,0,IDLE,1,1
5193,21129605,-1,-2,0,-205,-263,-18,0,0,0,0,0,-3,-4,0,1328,-1,-2,0,328,0.000,0.000,-99,741,0,0,0,-114,167,2053,777,0,ARM|SERVO3,0,IDLE,1,1
5194,21131605,-1,-2,0,-205,-263,-18,0,0,0,0,0,-3,-4,0,1328,-1,-2,0,328,0.000,0.000,-103,741,0,0,0,-114,167,2053,777,0,ARM|SERVO3,0,IDLE,1,1
5195,21133606,-2,-2,0,-205,-263,-18,0,0,0,0,0,-3,-4,0,1328,-1,-2,0,328,0.000,0.000,-103,741,0,0,0,-114,167,2053,777,0,ARM|SERVO3,0,IDLE,1,1
5196,21135606,-1,-2,0,-205,-263,-18,0,0,0,0,0,-3,-4,0,1328,-1,-2,0,328,0.000,0.000,-103,741,0,0,0,-114,166,2053,777,0,ARM|SERVO3,0,IDLE,1,1
5197,21137606,-1,-2,0,-205,-263,-18,0,0,0,0,0,-3,-4,0,1328,-1,-2,0,328,0.000,0.000,-103,741,0,0,0,-114,166,2053,777,0,ARM|SERVO3,0,IDLE,1,1
5198,21139606,-1,-2,0,-205,-263,-18,0,0,0,0,0,-3,-4,0,1328,-1,-2,0,328,0.000,0.000,-103,741,0,0,0,-114,166,2053,777,0,ARM|SERVO3,0,IDLE,1,1
5199,21141608,-1,-2,0,-205,-263,-18,0,0,0,0,0,-3,-4,0,1328,-1,-2,0,328,0.000,0.000,-103,741,0,0,0,-114,165,2053,777,0,ARM|SERVO3,0,IDLE,1,1
5200,21143917,-2,-2,0,-205,-263,-18,0,0,0,0,0,-3,-4,0,1328,-1,-2,0,328,0.000,0.000,-103,741,0,0,0,-114,165,2052,777,0,ARM|SERVO3,0,IDLE,1,1
5201,21145925,-1,-2,0,-205,-263,-18,0,0,0,0,0,-3,-4,0,1328,-1,-2,0,328,0.000,0.000,-103,741,0,0,0,-114,165,2052,777,0,ARM|SERVO3,0,IDLE,1,1
5202,21147928,-1,-2,0,-205,-264,-18,0,0,0,0,0,-3,-4,0,1328,-1,-2,0,328,0.000,0.000,-103,741,0,0,0,-114,165,2053,777,0,ARM|SERVO3,0,IDLE,1,1
5203,21149925,-1,-2,0,-205,-264,-18,0,0,0,0,0,-3,-4,0,1328,-1,-2,0,328,0.000,0.000,-103,741,0,0,0,-114,165,2054,777,0,ARM|SERVO3,0,IDLE,1,1
5204,21151924,-1,-2,0,-205,-264,-18,0,0,0,0,0,-3,-4,0,1328,-1,-2,0,328,0.000,0.000,-103,741,0,0,0,-114,165,2054,777,0,ARM|SERVO3,0,IDLE,1,1
5205,21153927,-1,-2,0,-205,-264,-18,0,0,0,0,0,-3,-4,0,1328,-1,-2,0,328,0.000,0.000,-103,741,0,0,0,-114,165,2055,777,0,ARM|SERVO3,0,IDLE,1,1
5206,21155928,-1,-2,0,-205,-264,-18,0,0,0,0,0,-3,-4,0,1328,-1,-2,0,328,0.000,0.000,-103,741,0,0,0,-114,165,2055,777,0,ARM|SERVO3,0,IDLE,1,1
5207,21157929,-1,-2,0,-205,-264,-18,0,0,0,0,0,-3,-4,0,1328,-1,-2,0,328,0.000,0.000,-105,741,0,0,0,-114,165,2055,777,0,ARM|SERVO3,0,IDLE,1,1
5208,21159928,-1,-1,0,-206,-264,-18,0,0,0,0,0,-3,-4,0,1328,-1,-2,0,328,0.000,0.000,-105,741,0,0,0,-114,165,2055,777,0,ARM|SERVO3,0,IDLE,1,1
5209,21161929,-1,-2,0,-206,-264,-18,0,0,0,0,0,-3,-4,0,1328,-1,-2,0,328,0.000,0.000,-105,741,0,0,0,-114,166,2055,777,0,ARM|SERVO3,0,IDLE,1,1
5210,21163929,-1,-2,0,-206,-264,-18,0,0,0,0,0,-3,-4,0,1328,-1,-2,0,328,0.000,0.000,-105,741,0,0,0,-115,166,2055,777,0,ARM|SERVO3,0,IDLE,1,1
5211,21165929,-1,-2,0,-206,-264,-18,0,0,0,0,0,-3,-4,0,1328,-1,-2,0,328,0.000,0.000,-105,741,0,0,0,-115,166,2054,777,0,ARM|SERVO3,0,IDLE,1,1
5212,21167929,-1,-2,0,-206,-264,-18,0,0,0,0,0,-3,-4,0,1328,-1,-2,0,328,0.000,0.000,-105,741,0,0,0,-115,166,2054,777,0,ARM|SERVO3,0,IDLE,1,1
5213,21169929,-2,-2,0,-206,-264,-18,0,-1,0,0,0,-3,-4,0,1328,-1,-2,0,328,0.000,0.000,-105,741,0,0,0,-115,166,2053,777,0,ARM|SERVO3,0,IDLE,1,1
5214,21171929,-2,-2,0,-206,-264,-18,0,0,0,0,0,-3,-4,0,1328,-1,-2,0,328,0.000,0.000,-105,741,0,0,0,-115,166,2053,777,0,ARM|SERVO3,0,IDLE,1,1
5215,21173931,-1,-2,0,-206,-264,-18,0,0,0,0,0,-3,-4,0,1328,-1,-2,0,328,0.000,0.000,-105,741,0,0,0,-115,167,2053,777,0,ARM|SERVO3,0,IDLE,1,1
5216,21175931,-1,-2,0,-206,-265,-18,1,0,0,0,0,-3,-4,0,1328,-1,-2,0,328,0.000,0.000,-105,741,0,0,0,-115,167,2053,777,0,ARM|SERVO3,0,IDLE,1,1
5217,21177933,-1,-2,0,-206,-265,-18,0,0,0,0,0,-3,-4,0,1328,-1,-2,0,328,0.000,0.000,-105,741,0,0,0,-115,167,2054,777,0,ARM|SERVO3,0,IDLE,1,1
5218,21179933,-1,-2,0,-206,-265,-18,0,0,0,0,0,-3,-4,0,1328,-1,-2,0,328,0.000,0.000,-105,741,0,0,0,-115,167,2054,777,0,ARM|SERVO3,0,IDLE,1,1
5219,21181934,-1,-2,0,-206,-265,-18,0,0,0,0,0,-3,-4,0,1328,-1,-2,0,328,0.000,0.000,-106,741,0,0,0,-115,167,2054,777,0,ARM|SERVO3,0,IDLE,1,1
5220,21183934,-1,-2,0,-206,-265,-18,0,0,0,0,0,-3,-4,0,1328,-1,-2,0,328,0.000,0.000,-106,741,0,0,0,-115,167,2054,777,0,ARM|SERVO3,0,IDLE,1,1
5221,21186244,-1,-1,0,-206,-265,-18,0,0,0,0,0,-3,-4,0,1328,-1,-2,0,328,0.000,0.000,-106,741,0,0,0,-115,167,2054,777,0,ARM|SERVO3,0,IDLE,1,1
5222,21188247,-1,-2,0,-206,-265,-18,0,0,0,0,0,-3,-4,0,1328,-1,-2,0,328,0.000,0.000,-106,741,0,0,0,-115,167,2054,777,0,ARM|SERVO3,0,IDLE,1,1
5223,21190244,-1,-2,0,-206,-265,-18,0,0,0,0,0,-3,-4,0,1328,-1,-2,0,328,0.000,0.000,-106,741,0,0,0,-115,166,2054,777,0,ARM|SERVO3,0,IDLE,1,1
5224,21192244,-1,-2,0,-206,-265,-18,0,0,0,0,0,-3,-4,0,1328,-1,-2,0,328,0.000,0.000,-106,741,0,0,0,-115,166,2053,777,0,ARM|SERVO3,0,IDLE,1,1
5225,21194246,-1,-2,0,-206,-265,-18,0,0,0,0,0,-3,-4,0,1328,-1,-2,0,328,0.000,0.000,-106,741,0,0,0,-115,166,2052,777,0,ARM|SERVO3,0,IDLE,1,1
5226,21196249,-1,-2,0,-206,-265,-18,0,0,0,0,0,-3,-4,0,1328,-1,-2,0,328,0.000,0.000,-106,741,0,0,0,-114,166,2051,777,0,ARM|SERVO3,0,IDLE,1,1
5227,21198247,-1,-2,0,-207,-265,-18,0,0,0,0,0,-3,-4,0,1328,-1,-2,0,328,0.000,0.000,-106,741,0,0,0,-114,166,2051,777,0,ARM|SERVO3,0,IDLE,1,1
5228,21200247,-1,-2,0,-207,-265,-18,0,0,0,0,0,-3,-4,0,1328,-1,-2,0,328,0.000,0.000,-106,741,0,0,0,-114,166,2050,777,0,ARM|SERVO3,0,IDLE,1,1
5229,21202247,-1,-2,0,-207,-265,-18,0,0,0,0,0,-3,-4,0,1328,-1,-2,0,328,0.000,0.000,-106,741,0,0,0,-115,166,2050,777,0,ARM|SERVO3,0,IDLE,1,1
5230,21204249,-1,-2,0,-207,-265,-18,0,0,0,0,0,-3,-4,0,1328,-1,-2,0,328,0.000,0.000,-106,741,0,0,0,-115,166,2051,777,0,ARM|SERVO3,0,IDLE,1,1
5231,21206248,-1,-2,0,-207,-266,-18,0,0,0,0,0,-3,-4,0,1328,-1,-2,0,328,0.000,0.000,-107,741,0,0,0,-115,166,2052,777,0,ARM|SERVO3,0,IDLE,1,1
5232,21208251,-1,-2,0,-207,-266,-18,0,0,0,0,0,-3,-4,0,1328,-1,-2,0,328,0.000,0.000,-107,741,0,0,0,-114,166,2052,777,0,ARM|SERVO3,0,IDLE,1,1
5233,21210248,-1,-2,0,-207,-266,-18,0,0,0,0,0,-3,-4,0,1328,-1,-2,0,328,0.000,0.000,-107,741,0,0,0,-114,166,2053,777,0,ARM|SERVO3,0,IDLE,1,1
5234,21212248,-1,-2,0,-207,-266,-18,0,0,0,0,0,-3,-4,0,1328,-1,-2,0,328,0.000,0.000,-107,741,0,0,0,-114,166,2053,777,0,ARM|SERVO3,0,IDLE,1,1
5235,21214248,-1,-1,0,-207,-266,-18,0,0,0,0,0,-3,-4,0,1328,-1,-2,0,328,0.000,0.000,-107,741,0,0,0,-114,166,2054,777,0,ARM|SERVO3,0,IDLE,1,1
5236,21216252,-1,-2,0,-207,-266,-18,0,0,0,0,0,-3,-4,0,1328,-1,-2,0,328,0.000,0.000,-107,741,0,0,0,-114,167,2054,777,0,ARM|SERVO3,0,IDLE,1,1
5237,21218248,-1,-2,0,-207,-266,-18,0,0,0,0,0,-3,-4,0,1328,-1,-2,0,328,0.000,0.000,-107,741,0,0,0,-114,166,2054,777,0,ARM|SERVO3,0,IDLE,1,1
5238,21220250,-1,-2,0,-207,-266,-18,0,0,0,0,0,-3,-4,0,1328,-1,-2,0,328,0.000,0.000,-107,741,0,0,0,-114,166,2053,777,0,ARM|SERVO3,0,IDLE,1,1
5239,21222249,-1,-2,0,-207,-266,-18,0,0,0,0,0,-3,-4,0,1328,-1,-2,0,328,0.000,0.000,-107,741,0,0,0,-114,166,2053,777,0,ARM|SERVO3,0,IDLE,1,1
5240,21224249,-2,-2,0,-207,-266,-18,0,0,0,0,0,-3,-4,0,1328,-1,-2,0,328,0.000,0.000,-107,741,0,0,0,-113,166,2053,777,0,ARM|SERVO3,0,IDLE,1,1
5241,21226250,-2,-2,0,-207,-266,-18,0,0,0,0,0,-3,-4,0,1328,-1,-2,0,328,0.000,0.000,-107,741,0,0,0,-113,167,2052,777,0,ARM|SERVO3,0,IDLE,1,1
5242,21228250,-2,-2,0,-207,-266,-18,0,0,0,0,0,-3,-4,0,1328,-1,-2,0,328,0.000,0.000,-107,741,0,0,0,-113,167,2052,777,0,ARM|SERVO3,0,IDLE,1,1
5243,21230255,-1,-2,0,-207,-266,-18,0,0,0,0,0,-3,-4,0,1328,-1,-2,0,328,0.000,0.000,-107,741,0,0,0,-113,167,2053,777,0,ARM|SERVO3,0,IDLE,1,1
5244,21232612,-1,-2,0,-207,-266,-18,0,0,0,0,0,-3,-4,0,1328,-1,-2,0,328,0.000,0.000,-107,741,0,0,0,-112,167,2053,777,0,ARM|SERVO3,0,IDLE,1,1
5245,21234611,-1,-2,0,-208,-267,-18,0,0,0,0,0,-3,-4,0,1328,-1,-2,0,328,0.000,0.000,-107,741,0,0,0,-112,168,2053,777,0,ARM|SERVO3,0,IDLE,1,1
5246,21236613,-1,-2,0,-208,-267,-18,0,0,0,0,0,-3,-4,0,1328,-1,-2,0,328,0.000,0.000,-107,741,0,0,0,-112,168,2054,777,0,ARM|SERVO3,0,IDLE,1,1
5247,21238615,-1,-2,0,-208,-267,-18,0,0,0,0,0,-3,-4,0,1328,-1,-2,0,328,0.000,0.000,-107,741,0,0,0,-112,168,2054,777,0,ARM|SERVO3,0,IDLE,1,1
5248,21240616,-1,-2,0,-208,-267,-18,0,0,0,0,0,-3,-4,0,1328,-1,-2,0,328,0.000,0.000,-107,741,0,0,0,-112,168,2055,777,0,ARM|SERVO3,0,IDLE,1,1
5249,21242615,-1,-2,0,-208,-267,-18,0,0,0,0,0,-3,-4,0,1328,-1,-2,0,328,0.000,0.000,-107,741,0,0,0,-111,167,2055,777,0,ARM|SERVO3,0,IDLE,1,1
5250,21244617,-1,-2,0,-208,-267,-18,0,0,0,0,0,-3,-4,0,1328,-1,-2,0,328,0.000,0.000,-107,741,0,0,0,-111,167,2055,777,0,ARM|SERVO3,0,IDLE,1,1
5251,21246618,-1,-2,0,-208,-267,-18,0,0,0,0,0,-3,-4,0,1328,-1,-2,0,328,0.000,0.000,-107,741,0,0,0,-111,167,2055,777,0,ARM|SERVO3,0,IDLE,1,1
5252,21248618,-1,-2,0,-208,-267,-18,0,0,0,0,0,-3,-4,0,1328,-1,-2,0,328,0.000,0.000,-107,741,0,0,0,-111,167,2054,777,0,ARM|SERVO3,0,IDLE,1,1
5253,21250621,-1,-2,0,-208,-267,-18,0,0,0,0,0,-3,-4,0,1328,-1,-2,0,328,0.000,0.000,-107,741,0,0,0,-111,167,2053,777,0,ARM|SERVO3,0,IDLE,1,1
5254,21252621,-1,-2,0,-208,-267,-18,0,0,0,0,0,-3,-4,0,1328,-1,-2,0,328,0.000,0.000,-107,741,0,0,0,-111,167,2053,777,0,ARM|SERVO3,0,IDLE,1,1
5255,21254620,-1,-2,0,-208,-267,-18,0,0,0,0,0,-3,-4,0,1328,-1,-2,0,328,0.000,0.000,-107,741,0,0,0,-111,167,2052,777,0,ARM|SERVO3,0,IDLE,1,1
5256,21256620,-1,-2,0,-208,-267,-18,0,0,0,0,0,-3,-4,0,1328,-1,-2,0,328,0.000,0.000,-107,741,0,0,0,-111,167,2052,777,0,ARM|SERVO3,0,IDLE,1,1
5257,21258620,-1,-2,0,-208,-267,-18,0,0,0,0,0,-3,-4,0,1328,-1,-2,0,328,0.000,0.000,-107,741,0,0,0,-111,167,2051,777,0,ARM|SERVO3,0,IDLE,1,1
5258,21260623,-1,-2,0,-208,-267,-18,0,0,0,0,0,-3,-4,0,1328,-1,-2,0,328,0.000,0.000,-107,741,0,0,0,-111,167,2052,777,0,ARM|SERVO3,0,IDLE,1,1
5259,21262621,-1,-2,0,-208,-267,-18,0,0,0,0,0,-3,-4,0,1328,-1,-2,0,328,0.000,0.000,-107,741,0,0,0,-111,167,2052,777,0,ARM|SERVO3,0,IDLE,1,1
5260,21264621,-1,-2,0,-208,-268,-18,0,0,0,0,0,-3,-4,0,1328,-1,-2,0,328,0.000,0.000,-107,741,0,0,0,-111,168,2052,777,0,ARM|SERVO3,0,IDLE,1,1
5261,21266622,-1,-2,0,-208,-268,-18,0,0,0,0,0,-3,-4,0,1328,-1,-2,0,328,0.000,0.000,-107,741,0,0,0,-111,168,2053,777,0,ARM|SERVO3,0,IDLE,1,1
5262,21268621,-1,-2,0,-208,-268,-18,0,0,0,0,0,-3,-4,0,1328,-1,-2,0,328,0.000,0.000,-107,741,0,0,0,-111,168,2053,777,0,ARM|SERVO3,0,IDLE,1,1
5263,21270622,-1,-1,0,-209,-268,-18,0,0,0,0,0,-3,-4,0,1328,-1,-2,0,328,0.000,0.000,-107,741,0,0,0,-112,168,2054,777,0,ARM|SERVO3,0,IDLE,1,1
5264,21272623,-1,-2,0,-209,-268,-18,0,0,0,0,0,-3,-4,0,1328,-1,-2,0,328,0.000,0.000,-107,741,0,0,0,-112,168,2054,777,0,ARM|SERVO3,0,IDLE,1,1
5265,21274624,-1,-2,0,-209,-268,-18,0,0,0,0,0,-3,-4,0,1328,-1,-2,0,328,0.000,0.000,-107,741,0,0,0,-112,167,2054,777,0,ARM|SERVO3,0,IDLE,1,1
5266,21276979,-1,-2,0,-209,-268,-18,0,0,0,0,0,-3,-4,0,1328,-1,-2,0,328,0.000,0.000,-107,741,0,0,0,-112,167,2054,777,0,ARM|SERVO3,0,IDLE,1,1
5267,21278981,-1,-2,0,-209,-268,-18,0,0,0,0,0,-3,-4,0,1328,-1,-2,0,328,0.000,0.000,-107,741,0,0,0,-112,167,2053,777,0,ARM|SERVO3,0,IDLE,1,1
5268,21280987,-1,-2,0,-209,-268,-18,0,0,0,0,0,-3,-4,0,1328,-1,-2,0,328,0.000,0.000,-107,741,0,0,0,-112,167,2053,777,0,ARM|SERVO3,0,IDLE,1,1
5269,21282986,-1,-2,0,-209,-268,-18,0,0,0,0,0,-3,-4,0,1328,-1,-2,0,328,0.000,0.000,-107,741,0,0,0,-112,167,2052,777,0,ARM|SERVO3,0,IDLE,1,1
5270,21284985,-1,-2,0,-209,-268,-18,0,0,0,0,0,-3,-4,0,1328,-1,-2,0,328,0.000,0.000,-107,741,0,0,0,-113,167,2052,777,0,ARM|SERVO3,0,IDLE,1,1
5271,21286985,-1,-2,0,-209,-268,-18,0,0,0,0,0,-3,-4,0,1328,-1,-2,0,328,0.000,0.000,-107,741,0,0,0,-113,166,2052,777,0,ARM|SERVO3,0,IDLE,1,1
5272,21288985,-1,-2,0,-209,-268,-19,0,0,0,0,0,-3,-4,0,1328,-1,-2,0,328,0.000,0.000,-107,741,0,0,0,-113,166,2052,777,0,ARM|SERVO3,0,IDLE,1,1
5273,21290985,-1,-2,0,-209,-268,-19,0,0,0,0,0,-3,-4,0,1328,-1,-2,0,328,0.000,0.000,-107,741,0,0,0,-113,167,2053,777,0,ARM|SERVO3,0,IDLE,1,1
5274,21292985,-1,-2,0,-209,-269,-19,0,0,0,0,0,-3,-4,0,1328,-1,-2,0,328,0.000,0.000,-107,741,0,0,0,-113,167,2053,777,0,ARM|SERVO3,0,IDLE,1,1
5275,21294985,-1,-2,0,-209,-269,-19,0,0,0,0,0,-3,-4,0,1328,-1,-2,0,328,0.000,0.000,-107,741,0,0,0,-113,167,2053,777,0,ARM|SERVO3,0,IDLE,1,1
5276,21296988,-1,-2,0,-209,-269,-19,0,0,0,0,0,-3,-4,0,1328,-1,-2,0,328,0.000,0.000,-107,741,0,0,0,-113,167,2054,777,0,ARM|SERVO3,0,IDLE,1,1
5277,21298985,-1,-1,0,-209,-269,-19,0,0,0,0,0,-3,-4,0,1328,-1,-2,0,328,0.000,0.000,-107,741,0,0,0,-113,167,2054,777,0,ARM|SERVO3,0,IDLE,1,1
5278,21300985,-1,-2,0,-209,-269,-19,0,0,0,0,0,-3,-4,0,1328,-1,-2,0,328,0.000,0.000,-107,741,0,0,0,-113,167,2054,777,0,ARM|SERVO3,0,IDLE,1,1
5279,21302985,-1,-2,0,-209,-269,-19,0,0,0,0,0,-3,-4,0,1328,-1,-2,0,328,0.000,0.000,-107,741,0,0,0,-113,167,2054,777,0,ARM|SERVO3,0,IDLE,1,1
5280,21304988,-1,-2,0,-209,-269,-19,0,0,0,0,0,-3,-4,0,1328,-1,-2,0,328,0.000,0.000,-107,741,0,0,0,-113,166,2054,777,0,ARM|SERVO3,0,IDLE,1,1
5281,21306987,-1,-2,0,-209,-269,-19,0,0,0,0,0,-3,-4,0,1328,-1,-2,0,328,0.000,0.000,-107,741,0,0,0,-113,166,2053,777,0,ARM|SERVO3,0,IDLE,1,1
5282,21308987,-1,-2,0,-210,-269,-19,0,0,0,0,0,-3,-4,0,1328,-1,-2,0,328,0.000,0.000,-107,741,0,0,0,-113,166,2053,777,0,ARM|SERVO3,0,IDLE,1,1
5283,21310996,-2,-2,0,-210,-269,-19,0,0,0,0,0,-3,-4,0,1328,-1,-2,0,328,0.000,0.000,-107,741,0,0,0,-113,166,2052,777,0,ARM|SERVO3,0,IDLE,1,1
5284,21312997,-1,-2,0,-210,-269,-19,0,0,0,0,0,-3,-4,0,1328,-1,-2,0,328,0.000,0.000,-107,741,0,0,0,-113,166,2052,777,0,ARM|SERVO3,0,IDLE,1,1
5285,21314996,-1,-2,0,-210,-269,-19,0,0,0,0,0,-3,-4,0,1328,-1,-2,0,328,0.000,0.000,-107,741,0,0,0,-113,167,2052,777,0,ARM|SERVO3,0,IDLE,1,1
5286,21316997,-1,-2,0,-210,-269,-19,0,0,0,0,0,-3,-4,0,1328,-1,-2,0,328,0.000,0.000,-107,741,0,0,0,-113,167,2053,777,0,ARM|SERVO3,0,IDLE,1,1
5287,21318997,-1,-2,0,-210,-269,-19,0,0,0,0,0,-3,-4,0,1328,-1,-2,0,328,0.000,0.000,-107,741,0,0,0,-113,167,2053,777,0,ARM|SERVO3,0,IDLE,1,1
5288,21320999,-1,-2,0,-210,-269,-19,0,0,0,0,0,-3,-4,0,1328,-1,-2,0,328,0.000,0.000,-107,741,0,0,0,-113,167,2053,777,0,ARM|SERVO3,0,IDLE,1,1
5289,21323321,-1,-2,0,-210,-270,-19,0,0,0,0,0,-3,-4,0,1328,-1,-2,0,328,0.000,0.000,-107,741,0,0,0,-113,167,2054,777,0,ARM|SERVO3,0,IDLE,1,1
5290,21325322,-1,-2,0,-210,-270,-19,0,0,0,0,0,-3,-4,0,1328,-1,-2,0,328,0.000,0.000,-107,741,0,0,0,-113,167,2054,777,0,ARM|SERVO3,0,IDLE,1,1
5291,21327323,-1,-2,0,-210,-270,-19,0,0,0,0,0,-3,-4,0,1328,-1,-2,0,328,0.000,0.000,-107,741,0,0,0,-113,167,2055,777,0,ARM|SERVO3,0,IDLE,1,1
5292,21329324,-1,-2,0,-210,-270,-19,0,0,0,0,0,-3,-4,0,1328,-1,-2,0,328,0.000,0.000,-107,741,0,0,0,-113,167,2055,777,0,ARM|SERVO3,0,IDLE,1,1
5293,21331324,-1,-2,0,-210,-270,-19,0,0,0,0,0,-3,-4,0,1328,-1,-2,0,328,0.000,0.000,-107,741,0,0,0,-113,167,2055,777,0,ARM|SERVO3,0,IDLE,1,1
5294,21333324,-1,-2,0,-210,-270,-19,0,0,0,0,0,-3,-4,0,1328,-1,-2,0,328,0.000,0.000,-107,741,0,0,0,-113,167,2055,777,0,ARM|SERVO3,0,IDLE,1,1
5295,21335325,-1,-2,0,-210,-270,-19,0,0,0,0,0,-3,-4,0,1328,-1,-2,0,328,0.000,0.000,-107,741,0,0,0,-113,167,2054,777,0,ARM|SERVO3,0,IDLE,1,1
5296,21337326,-1,-2,0,-210,-270,-19,0,0,0,0,0,-3,-4,0,1328,-1,-2,0,328,0.000,0.000,-107,741,0,0,0,-113,167,2053,777,0,ARM|SERVO3,0,IDLE,1,1
5297,21339328,-2,-2,0,-210,-270,-19,0,0,0,0,0,-3,-4,0,1328,-1,-2,0,328,0.000,0.000,-107,741,0,0,0,-113,167,2053,777,0,ARM|SERVO3,0,IDLE,1,1
5298,21341332,-1,-2,0,-210,-270,-19,0,0,0,0,0,-3,-4,0,1328,-1,-2,0,328,0.000,0.000,-107,741,0,0,0,-113,167,2053,777,0,ARM|SERVO3,0,IDLE,1,1
5299,21343331,-1,-2,0,-210,-270,-19,0,0,0,0,0,-3,-4,0,1328,-1,-2,0,328,0.000,0.000,-107,741,0,0,0,-113,167,2053,777,0,ARM|SERVO3,0,IDLE,1,1
5300,21345332,-1,-2,0,-210,-270,-19,0,0,0,0,0,-3,-4,0,1328,-1,-2,0,328,0.000,0.000,-107,741,0,0,0,-113,167,2053,777,0,ARM|SERVO3,0,IDLE,1,1
5301,21347332,-1,-2,0,-211,-270,-19,0,0,0,0,0,-3,-4,0,1328,-1,-2,0,328,0.000,0.000,-107,741,0,0,0,-113,167,2053,777,0,ARM|SERVO3,0,IDLE,1,1
5302,21349335,-1,-2,0,-211,-270,-19,0,0,0,0,0,-3,-4,0,1328,-1,-2,0,328,0.000,0.000,-107,741,0,0,0,-113,167,2054,777,0,ARM|SERVO3,0,IDLE,1,1
5303,21351333,-1,-2,0,-211,-270,-19,0,0,0,0,0,-3,-4,0,1328,-1,-2,0,328,0.000,0.000,-107,741,0,0,0,-112,167,2054,777,0,ARM|SERVO3,0,IDLE,1,1
5304,21353334,-1,-2,0,-211,-271,-19,0,0,0,0,0,-3,-4,0,1328,-1,-2,0,328,0.000,0.000,-107,741,0,0,0,-112,167,2055,777,0,ARM|SERVO3,0,IDLE,1,1
5305,21355335,-1,-2,0,-211,-271,-19,0,0,0,0,0,-3,-4,0,1328,-1,-2,0,328,0.000,0.000,-107,741,0,0,0,-112,167,2055,777,0,ARM|SERVO3,0,IDLE,1,1
5306,21357334,-1,-2,0,-211,-271,-19,0,0,0,0,0,-3,-4,0,1328,-1,-2,0,328,0.000,0.000,-107,741,0,0,0,-112,167,2055,777,0,ARM|SERVO3,0,IDLE,1,1
5307,21359333,-1,-2,0,-211,-271,-19,0,0,0,0,0,-3,-4,0,1328,-1,-2,0,328,0.000,0.000,-107,741,0,0,0,-112,167,2055,777,0,ARM|SERVO3,0,IDLE,1,1
5308,21361334,-1,-2,0,-211,-271,-19,0,0,0,0,0,-3,-4,0,1328,-1,-2,0,328,0.000,0.000,-107,741,0,0,0,-112,167,2055,777,0,ARM|SERVO3,0,IDLE,1,1
5309,21363333,-1,-2,0,-211,-271,-19,0,0,0,0,0,-3,-4,0,1328,-1,-2,0,328,0.000,0.000,-107,741,0,0,0,-112,167,2054,777,0,ARM|SERVO3,0,IDLE,1,1
5310,21365335,-1,-2,0,-211,-271,-19,0,0,0,0,0,-3,-4,0,1328,-1,-2,0,328,0.000,0.000,-107,741,0,0,0,-112,167,2054,777,0,ARM|SERVO3,0,IDLE,1,1
5311,21367336,-2,-2,0,-211,-271,-19,0,0,0,0,0,-3,-4,0,1328,-1,-2,0,328,0.000,0.000,-107,741,0,0,0,-112,167,2054,777,0,ARM|SERVO3,0,IDLE,1,1
5312,21369693,-1,-2,0,-211,-271,-19,0,0,0,0,0,-3,-4,0,1328,-1,-2,0,328,0.000,0.000,-107,741,0,0,0,-112,167,2054,777,0,ARM|SERVO3,0,IDLE,1,1
5313,21371693,-1,-2,0,-211,-271,-19,0,0,0,0,0,-3,-4,0,1328,-1,-2,0,328,0.000,0.000,-107,741,0,0,0,-112,167,2054,777,0,ARM|SERVO3,0,IDLE,1,1
5314,21373693,-1,-2,0,-211,-271,-19,0,0,0,0,0,-3,-4,0,1328,-1,-2,0,328,0.000,0.000,-107,741,0,0,0,-113,167,2054,777,0,ARM|SERVO3,0,IDLE,1,1
5315,21375693,-1,-2,0,-211,-271,-19,0,0,0,0,0,-3,-4,0,1328,-1,-2,0,328,0.000,0.000,-107,741,0,0,0,-113,167,2055,777,0,ARM|SERVO3,0,IDLE,1,1
5316,21377693,-1,-2,0,-211,-271,-19,0,0,0,0,0,-3,-4,0,1328,-1,-2,0,328,0.000,0.000,-107,741,0,0,0,-113,167,2055,777,0,ARM|SERVO3,0,IDLE,1,1
5317,21379693,-1,-2,0,-211,-271,-19,0,0,0,0,0,-3,-4,0,1328,-1,-2,0,328,0.000,0.000,-107,741,0,0,0,-113,167,2056,777,0,ARM|SERVO3,0,IDLE,1,1
5318,21381706,-1,-2,0,-211,-272,-19,0,0,0,0,0,-3,-4,0,1328,-1,-2,0,328,0.000,0.000,-107,741,0,0,0,-113,166,2056,777,0,ARM|SERVO3,0,IDLE,1,1
5319,21383706,-1,-2,0,-212,-272,-19,0,0,0,0,0,-3,-4,0,1328,-1,-2,0,328,0.000,0.000,-107,741,0,0,0,-114,166,2056,777,0,ARM|SERVO3,0,IDLE,1,1
5320,21385706,-1,-2,0,-212,-272,-19,0,0,0,0,0,-3,-4,0,1328,-1,-2,0,328,0.000,0.000,-107,741,0,0,0,-114,166,2056,777,0,ARM|SERVO3,0,IDLE,1,1
5321,21387706,-1,-2,0,-212,-272,-19,0,0,0,0,0,-3,-4,0,1328,-1,-2,0,328,0.000,0.000,-107,741,0,0,0,-114,166,2056,777,0,ARM|SERVO3,0,IDLE,1,1
5322,21389707,-1,-2,0,-212,-272,-19,0,0,0,0,0,-3,-4,0,1328,-1,-2,0,328,0.000,0.000,-107,741,0,0,0,-114,166,2055,777,0,ARM|SERVO3,0,IDLE,1,1
5323,21391707,-1,-2,0,-212,-272,-19,0,0,0,0,0,-3,-4,0,1328,-1,-2,0,328,0.000,0.000,-107,741,0,0,0,-114,166,2054,777,0,ARM|SERVO3,0,IDLE,1,1
5324,21393707,-1,-2,0,-212,-272,-19,0,0,0,0,0,-3,-4,0,1328,-1,-2,0,328,0.000,0.000,-107,741,0,0,0,-114,166,2054,777,0,ARM|SERVO3,0,IDLE,1,1
5325,21395707,-2,-2,0,-212,-272,-19,0,0,0,0,0,-3,-4,0,1328,-1,-2,0,328,0.000,0.000,-107,741,0,0,0,-114,166,2053,777,0,ARM|SERVO3,0,IDLE,1,1
5326,21397708,-1,-2,0,-212,-272,-19,0,0,0,0,0,-3,-4,0,1328,-1,-2,0,328,0.000,0.000,-107,741,0,0,0,-114,165,2053,777,0,ARM|SERVO3,0,IDLE,1,1
5327,21399708,-1,-2,0,-212,-272,-19,0,0,0,0,0,-3,-4,0,1328,-1,-2,0,328,0.000,0.000,-107,741,0,0,0,-114,165,2053,777,0,ARM|SERVO3,0,IDLE,1,1
5328,21401710,-1,-2,0,-212,-272,-19,0,0,0,0,0,-3,-4,0,1328,-1,-2,0,328,0.000,0.000,-107,741,0,0,0,-114,165,2054,777,0,ARM|SERVO3,0,IDLE,1,1
5329,21403710,-1,-2,0,-212,-272,-19,0,0,0,0,0,-3,-4,0,1328,-1,-2,0,328,0.000,0.000,-107,741,0,0,0,-114,165,2054,777,0,ARM|SERVO3,0,IDLE,1,1
5330,21405710,-1,-2,0,-212,-272,-19,0,0,0,0,0,-3,-4,0,1328,-1,-2,0,328,0.000,0.000,-107,741,0,0,0,-114,165,2055,777,0,ARM|SERVO3,0,IDLE,1,1
5331,21407710,-2,-2,0,-212,-272,-19,0,0,0,0,0,-3,-4,0,1328,-1,-2,0,328,0.000,0.000,-107,741,0,0,0,-114,165,2056,777,0,ARM|SERVO3,0,IDLE,1,1
5332,21409711,-1,-2,0,-212,-272,-19,0,0,0,0,0,-3,-4,0,1328,-1,-2,0,328,0.000,0.000,-107,741,0,0,0,-113,165,2056,777,0,ARM|SERVO3,0,IDLE,1,1
5333,21411713,-1,-2,0,-212,-273,-19,0,0,0,0,0,-3,-4,0,1328,-1,-2,0,328,0.000,0.000,-107,741,0,0,0,-113,165,2057,777,0,ARM|SERVO3,0,IDLE,1,1
5334,21414035,-1,-2,0,-212,-273,-19,0,0,0,0,0,-3,-4,0,1328,-1,-2,0,328,0.000,0.000,-107,741,0,0,0,-113,165,2057,777,0,ARM|SERVO3,0,IDLE,1,1
5335,21416034,-1,-2,0,-212,-273,-19,0,0,0,0,0,-3,-4,0,1328,-1,-2,0,328,0.000,0.000,-107,741,0,0,0,-113,165,2056,777,0,ARM|SERVO3,0,IDLE,1,1
5336,21418037,-1,-2,0,-212,-273,-19,0,0,0,0,0,-3,-4,0,1328,-1,-2,0,328,0.000,0.000,-107,741,0,0,0,-112,166,2056,777,0,ARM|SERVO3,0,IDLE,1,1
5337,21420036,-1,-2,0,-213,-273,-19,0,0,0,0,0,-3,-4,0,1328,-1,-2,0,328,0.000,0.000,-107,741,0,0,0,-112,166,2055,777,0,ARM|SERVO3,0,IDLE,1,1
5338,21422037,-2,-2,0,-213,-273,-19,0,0,0,0,0,-3,-4,0,1328,-1,-2,0,328,0.000,0.000,-107,741,0,0,0,-111,166,2054,777,0,ARM|SERVO3,0,IDLE,1,1
5339,21424039,-1,-2,0,-213,-273,-19,0,0,0,0,0,-3,-4,0,1328,-1,-2,0,328,0.000,0.000,-107,741,0,0,0,-111,166,2053,777,0,ARM|SERVO3,0,IDLE,1,1
5340,21426040,-1,-2,0,-213,-273,-19,0,0,0,0,0,-3,-4,0,1328,-1,-2,0,328,0.000,0.000,-107,741,0,0,0,-111,166,2053,777,0,ARM|SERVO3,0,IDLE,1,1
5341,21428040,-1,-2,0,-213,-273,-19,0,0,0,0,0,-3,-4,0,1328,-1,-2,0,328,0.000,0.000,-107,741,0,0,0,-111,166,2053,777,0,ARM|SERVO3,0,IDLE,1,1
5342,21430041,-1,-2,0,-213,-273,-19,0,0,0,0,0,-3,-4,0,1328,-1,-2,0,328,0.000,0.000,-107,741,0,0,0,-111,167,2053,777,0,ARM|SERVO3,0,IDLE,1,1
5343,21432042,-1,-2,0,-213,-273,-19,0,0,0,0,0,-3,-4,0,1328,-1,-2,0,328,0.000,0.000,-111,741,0,0,0,-110,167,2053,777,0,ARM|SERVO3,0,IDLE,1,1
5344,21434041,-1,-2,0,-213,-273,-19,0,0,0,0,0,-3,-4,0,1328,-1,-2,0,328,0.000,0.000,-111,741,0,0,0,-110,167,2053,777,0,ARM|SERVO3,0,IDLE,1,1
5345,21436042,-1,-2,0,-213,-273,-19,0,0,0,0,0,-3,-4,0,1328,-1,-2,0,328,0.000,0.000,-111,741,0,0,0,-110,167,2053,777,0,ARM|SERVO3,0,IDLE,1,1
5346,21438041,-1,-1,0,-213,-273,-19,0,0,0,0,0,-3,-4,0,1328,-1,-2,0,328,0.000,0.000,-111,741,0,0,0,-110,167,2053,777,0,ARM|SERVO3,0,IDLE,1,1
5347,21440048,-1,-1,0,-213,-273,-19,0,0,0,0,0,-3,-4,0,1328,-1,-2,0,328,0.000,0.000,-111,741,0,0,0,-110,168,2053,777,0,ARM|SERVO3,0,IDLE,1,1
5348,21442048,-1,-2,0,-213,-274,-19,0,0,0,0,0,-3,-4,0,1328,-1,-2,0,328,0.000,0.000,-111,741,0,0,0,-110,168,2053,777,0,ARM|SERVO3,0,IDLE,1,1
5349,21444049,-1,-2,0,-213,-274,-19,0,0,0,0,0,-3,-4,0,1328,-1,-2,0,328,0.000,0.000,-111,741,0,0,0,-110,168,2053,777,0,ARM|SERVO3,0,IDLE,1,1
5350,21446049,-1,-2,0,-213,-274,-19,0,0,0,0,0,-3,-4,0,1328,-1,-2,0,328,0.000,0.000,-111,741,0,0,0,-110,168,2052,777,0,ARM|SERVO3,0,IDLE,1,1
5351,21448049,-1,-2,0,-213,-274,-19,0,0,0,0,0,-3,-4,0,1328,-1,-2,0,328,0.000,0.000,-111,741,0,0,0,-111,168,2052,777,0,ARM|SERVO3,0,IDLE,1,1
5352,21450050,-2,-2,0,-213,-274,-19,0,0,0,0,0,-3,-4,0,1328,-1,-2,0,328,0.000,0.000,-111,741,0,0,0,-111,168,2051,777,0,ARM|SERVO3,0,IDLE,1,1
5353,21452050,-1,-2,0,-213,-274,-19,0,0,0,0,0,-3,-4,0,1328,-1,-2,0,328,0.000,0.000,-111,741,0,0,0,-111,169,2051,777,0,ARM|SERVO3,0,IDLE,1,1
5354,21454050,-1,-2,0,-213,-274,-19,0,0,0,0,0,-3,-4,0,1328,-1,-2,0,328,0.000,0.000,-111,741,0,0,0,-112,169,2051,777,0,ARM|SERVO3,0,IDLE,1,1
5355,21456052,-1,-2,0,-214,-274,-19,0,0,0,0,0,-3,-4,0,1328,-1,-2,0,328,0.000,0.000,-111,741,0,0,0,-112,169,2051,777,0,ARM|SERVO3,0,IDLE,1,1
5356,21458054,-1,-2,0,-214,-274,-19,0,0,0,0,0,-3,-4,0,1328,-1,-2,0,328,0.000,0.000,-110,741,0,0,0,-112,169,2052,777,0,ARM|SERVO3,0,IDLE,1,1
5357,21460373,-1,-2,0,-214,-274,-19,0,0,0,0,0,-3,-4,0,1328,-1,-2,0,328,0.000,0.000,-110,741,0,0,0,-113,169,2052,777,0,ARM|SERVO3,0,IDLE,1,1
5358,21462373,-1,-2,0,-214,-274,-19,0,0,0,0,0,-3,-4,0,1328,-1,-2,0,328,0.000,0.000,-110,741,0,0,0,-113,169,2052,777,0,ARM|SERVO3,0,IDLE,1,1
5359,21464373,-1,-2,0,-214,-274,-19,0,0,0,0,0,-3,-4,0,1328,-1,-2,0,328,0.000,0.000,-110,741,0,0,0,-113,169,2052,777,0,ARM|SERVO3,0,IDLE,1,1
5360,21466373,-1,-1,0,-214,-274,-19,0,0,0,0,0,-3,-4,0,1328,-1,-2,0,328,0.000,0.000,-110,741,0,0,0,-113,169,2052,777,0,ARM|SERVO3,0,IDLE,1,1
5361,21468373,-1,-1,0,-214,-274,-19,0,0,0,0,0,-3,-4,0,1328,-1,-2,0,328,0.000,0.000,-110,741,0,0,0,-113,169,2052,777,0,ARM|SERVO3,0,IDLE,1,1
5362,21470373,-1,-2,0,-214,-275,-19,0,0,0,0,0,-3,-4,0,1328,-1,-2,0,328,0.000,0.000,-110,741,0,0,0,-113,169,2052,777,0,ARM|SERVO3,0,IDLE,1,1
5363,21472373,-1,-2,0,-214,-275,-19,0,0,0,0,0,-3,-4,0,1328,-1,-2,0,328,0.000,0.000,-110,741,0,0,0,-112,169,2051,777,0,ARM|SERVO3,0,IDLE,1,1
5364,21474374,-1,-2,0,-214,-275,-19,0,0,0,0,0,-3,-4,0,1328,-1,-2,0,328,0.000,0.000,-110,741,0,0,0,-112,169,2051,777,0,ARM|SERVO3,0,IDLE,1,1
5365,21476374,-1,-2,0,-214,-275,-19,0,0,0,0,0,-3,-4,0,1328,-1,-2,0,328,0.000,0.000,-110,741,0,0,0,-112,169,2050,777,0,ARM|SERVO3,0,IDLE,1,1
5366,21478374,-1,-2,0,-214,-275,-19,0,0,0,0,0,-3,-4,0,1328,-1,-2,0,328,0.000,0.000,-110,741,0,0,0,-112,169,2050,777,0,ARM|SERVO3,0,IDLE,1,1
5367,21480374,-2,-2,0,-214,-275,-19,0,0,0,0,0,-3,-4,0,1328,-1,-2,0,328,0.000,0.000,-110,741,0,0,0,-112,169,2050,777,0,ARM|SERVO3,0,IDLE,1,1
5368,21482374,-1,-2,0,-214,-275,-19,0,0,0,0,0,-3,-4,0,1328,-1,-2,0,328,0.000,0.000,-109,741,0,0,0,-111,169,2050,777,0,ARM|SERVO3,0,IDLE,1,1
5369,21484374,-1,-2,0,-214,-275,-19,0,0,0,0,0,-3,-4,0,1328,-1,-2,0,328,0.000,0.000,-109,741,0,0,0,-111,169,2051,777,0,ARM|SERVO3,0,IDLE,1,1
5370,21486374,-1,-2,0,-214,-275,-19,0,0,0,0,0,-3,-4,0,1328,-1,-2,0,328,0.000,0.000,-109,741,0,0,0,-111,169,2051,777,0,ARM|SERVO3,0,IDLE,1,1
5371,21488374,-1,-2,0,-214,-275,-19,0,0,0,0,0,-3,-4,0,1328,-1,-2,0,328,0.000,0.000,-109,741,0,0,0,-111,169,2052,777,0,ARM|SERVO3,0,IDLE,1,1
5372,21490378,-1,-2,0,-214,-275,-19,0,0,0,0,0,-3,-4,0,1328,-1,-2,0,328,0.000,0.000,-109,741,0,0,0,-111,169,2052,777,0,ARM|SERVO3,0,IDLE,1,1
5373,21492378,-1,-2,0,-214,-275,-19,0,0,0,0,0,-3,-4,0,1328,-1,-2,0,328,0.000,0.000,-109,741,0,0,0,-111,169,2052,777,0,ARM|SERVO3,0,IDLE,1,1
5374,21494381,-1,-2,0,-215,-275,-19,0,0,0,0,0,-3,-4,0,1328,-1,-2,0,328,0.000,0.000,-109,741,0,0,0,-111,169,2053,777,0,ARM|SERVO3,0,IDLE,1,1
5375,21496382,-1,-1,0,-215,-275,-19,0,0,0,0,0,-3,-4,0,1328,-1,-2,0,328,0.000,0.000,-109,741,0,0,0,-111,169,2053,777,0,ARM|SERVO3,0,IDLE,1,1
5376,21498382,-1,-2,0,-215,-276,-19,0,0,0,0,0,-3,-4,0,1328,-1,-2,0,328,0.000,0.000,-109,741,0,0,0,-111,168,2052,777,0,ARM|SERVO3,0,IDLE,1,1
5377,21500382,-1,-2,0,-215,-276,-19,0,0,0,0,0,-3,-4,0,1328,-1,-2,0,328,0.000,0.000,-109,741,0,0,0,-111,168,2052,777,0,ARM|SERVO3,0,IDLE,1,1
5378,21502745,-1,-2,0,-215,-276,-19,0,0,0,0,0,-3,-4,0,1328,-1,-2,0,328,0.000,0.000,-109,741,0,0,0,-112,168,2052,777,0,ARM|SERVO3,0,IDLE,1,1
5379,21504745,-1,-2,0,-215,-276,-19,0,0,0,0,0,-3,-4,0,1328,-1,-2,0,328,0.000,0.000,-109,741,0,0,0,-112,168,2051,777,0,ARM|SERVO3,0,IDLE,1,1
5380,21506745,-2,-2,0,-215,-276,-19,0,0,0,0,0,-3,-4,0,1328,-1,-2,0,328,0.000,0.000,-109,741,0,0,0,-112,168,2051,777,0,ARM|SERVO3,0,IDLE,1,1
5381,21508745,-2,-2,0,-215,-276,-19,0,0,0,0,0,-3,-4,0,1328,-1,-2,0,328,0.000,0.000,-109,741,0,0,0,-113,168,2051,777,0,ARM|SERVO3,0,IDLE,1,1
5382,21510746,-1,-2,0,-215,-276,-19,0,0,0,0,0,-3,-4,0,1328,-1,-2,0,328,0.000,0.000,-109,741,0,0,0,-113,168,2051,777,0,ARM|SERVO3,0,IDLE,1,1
5383,21512746,-1,-2,0,-215,-276,-19,0,0,0,0,0,-3,-4,0,1328,-1,-2,0,328,0.000,0.000,-109,741,0,0,0,-113,168,2051,777,0,ARM|SERVO3,0,IDLE,1,1
5384,21514746,-1,-2,0,-215,-276,-19,0,0,0,0,0,-3,-4,0,1328,-1,-2,0,328,0.000,0.000,-109,741,0,0,0,-113,168,2052,777,0,ARM|SERVO3,0,IDLE,1,1
5385,21516746,-1,-2,0,-215,-276,-19,0,0,0,0,0,-3,-4,0,1328,-1,-2,0,328,0.000,0.000,-109,741,0,0,0,-113,168,2052,777,0,ARM|SERVO3,0,IDLE,1,1
5386,21518746,-1,-2,0,-215,-276,-19,0,0,0,0,0,-3,-4,0,1328,-1,-2,0,328,0.000,0.000,-109,741,0,0,0,-114,168,2052,777,0,ARM|SERVO3,0,IDLE,1,1
5387,21520746,-1,-2,0,-215,-276,-19,0,0,0,0,0,-3,-4,0,1328,-1,-2,0,328,0.000,0.000,-109,741,0,0,0,-114,167,2053,777,0,ARM|SERVO3,0,IDLE,1,1
5388,21522746,-1,-1,0,-215,-276,-19,0,0,0,0,0,-3,-4,0,1328,-1,-2,0,328,0.000,0.000,-109,741,0,0,0,-114,167,2053,777,0,ARM|SERVO3,0,IDLE,1,1
5389,21524746,-1,-1,0,-215,-276,-19,0,0,0,0,0,-3,-4,0,1328,-1,-2,0,328,0.000,0.000,-109,741,0,0,0,-114,167,2053,777,0,ARM|SERVO3,0,IDLE,1,1
5390,21526754,-1,-2,0,-215,-276,-19,0,0,0,0,0,-3,-4,0,1328,-1,-2,0,328,0.000,0.000,-109,741,0,0,0,-114,167,2054,777,0,ARM|SERVO3,0,IDLE,1,1
5391,21528754,-1,-2,0,-215,-277,-19,0,0,0,0,0,-3,-4,0,1328,-1,-2,0,328,0.000,0.000,-109,741,0,0,0,-114,167,2054,777,0,ARM|SERVO3,0,IDLE,1,1
5392,21530754,-1,-2,0,-216,-277,-19,0,0,0,0,0,-3,-4,0,1328,-1,-2,0,328,0.000,0.000,-109,741,0,0,0,-114,166,2054,777,0,ARM|SERVO3,0,IDLE,1,1
5393,21532755,-1,-2,0,-216,-277,-19,0,0,0,0,0,-3,-4,0,1328,-1,-2,0,328,0.000,0.000,-112,741,0,0,0,-114,166,2053,777,0,ARM|SERVO3,0,IDLE,1,1
5394,21534758,-1,-2,0,-216,-277,-19,0,0,0,0,0,-3,-4,0,1328,-1,-2,0,328,0.000,0.000,-112,741,0,0,0,-114,166,2053,777,0,ARM|SERVO3,0,IDLE,1,1
5395,21536758,-1,-2,0,-216,-277,-19,0,0,0,0,0,-3,-4,0,1328,-1,-2,0,328,0.000,0.000,-112,741,0,0,0,-114,166,2053,777,0,ARM|SERVO3,0,IDLE,1,1
5396,21538768,-1,-2,0,-216,-277,-19,0,0,0,0,0,-3,-4,0,1328,-1,-2,0,328,0.000,0.000,-112,741,0,0,0,-114,167,2053,777,0,ARM|SERVO3,0,IDLE,1,1
5397,21540768,-1,-2,0,-216,-277,-19,0,0,0,0,0,-3,-4,0,1328,-1,-2,0,328,0.000,0.000,-112,741,0,0,0,-114,167,2053,777,0,ARM|SERVO3,0,IDLE,1,1
5398,21542768,-1,-2,0,-216,-277,-19,0,0,0,0,0,-3,-4,0,1328,-1,-2,0,328,0.000,0.000,-112,741,0,0,0,-114,167,2053,777,0,ARM|SERVO3,0,IDLE,1,1
5399,21544768,-1,-2,0,-216,-277,-19,0,0,0,0,0,-3,-4,0,1328,-1,-2,0,328,0.000,0.000,-112,741,0,0,0,-114,167,2054,777,0,ARM|SERVO3,0,IDLE,1,1
5400,21546768,-1,-2,0,-216,-277,-19,0,0,0,0,0,-3,-4,0,1328,-1,-2,0,328,0.000,0.000,-112,741,0,0,0,-114,167,2054,777,0,ARM|SERVO3,0,IDLE,1,1
5401,21549092,-1,-1,0,-216,-277,-19,0,0,0,0,0,-3,-4,0,1328,-1,-2,0,328,0.000,0.000,-112,741,0,0,0,-114,167,2054,777,0,ARM|SERVO3,0,IDLE,1,1
5402,21551093,-1,-1,0,-216,-277,-19,0,0,0,0,0,-3,-4,0,1328,-1,-2,0,328,0.000,0.000,-112,741,0,0,0,-114,167,2054,777,0,ARM|SERVO3,0,IDLE,1,1
5403,21553093,-1,-1,0,-216,-277,-19,0,0,0,0,0,-3,-4,0,1328,-1,-2,0,328,0.000,0.000,-112,741,0,0,0,-114,167,2054,777,0,ARM|SERVO3,0,IDLE,1,1
5404,21555094,-1,-2,0,-216,-277,-19,0,0,0,0,0,-3,-4,0,1328,-1,-2,0,328,0.000,0.000,-112,741,0,0,0,-114,167,2054,777,0,ARM|SERVO3,0,IDLE,1,1
5405,21557095,-1,-2,0,-216,-277,-19,0,0,0,0,0,-3,-4,0,1328,-1,-2,0,328,0.000,0.000,-114,741,0,0,0,-113,167,2054,777,0,ARM|SERVO3,0,IDLE,1,1
5406,21559097,-1,-2,0,-216,-278,-19,0,0,0,0,0,-3,-4,0,1328,-1,-2,0,328,0.000,0.000,-114,741,0,0,0,-113,167,2054,777,0,ARM|SERVO3,0,IDLE,1,1
5407,21561097,-1,-2,0,-216,-278,-19,0,0,0,0,0,-3,-4,0,1328,-1,-2,0,328,0.000,0.000,-114,741,0,0,0,-113,167,2053,777,0,ARM|SERVO3,0,IDLE,1,1
5408,21563100,-1,-2,0,-216,-278,-19,0,0,0,0,0,-3,-4,0,1328,-1,-2,0,328,0.000,0.000,-114,741,0,0,0,-113,167,2053,777,0,ARM|SERVO3,0,IDLE,1,1
5409,21565100,-1,-2,0,-216,-278,-19,0,0,0,0,0,-3,-4,0,1328,-1,-2,0,328,0.000,0.000,-114,741,0,0,0,-113,167,2052,777,0,ARM|SERVO3,0,IDLE,1,1
5410,21567100,-1,-2,0,-216,-278,-19,0,0,0,0,0,-3,-4,0,1328,-1,-2,0,328,0.000,0.000,-114,741,0,0,0,-113,167,2052,777,0,ARM|SERVO3,0,IDLE,1,1
5411,21569100,-1,-2,0,-217,-278,-19,0,0,0,0,0,-3,-4,0,1328,-1,-2,0,328,0.000,0.000,-114,741,0,0,0,-113,167,2053,777,0,ARM|SERVO3,0,IDLE,1,1
5412,21571102,-1,-2,0,-217,-278,-19,0,0,0,0,0,-3,-4,0,1328,-1,-2,0,328,0.000,0.000,-114,741,0,0,0,-113,167,2053,777,0,ARM|SERVO3,0,IDLE,1,1
5413,21573101,-1,-2,0,-217,-278,-19,0,0,0,0,0,-3,-4,0,1328,-1,-2,0,328,0.000,0.000,-114,741,0,0,0,-113,167,2054,777,0,ARM|SERVO3,0,IDLE,1,1
5414,21575101,-1,-2,0,-217,-278,-19,0,0,0,0,0,-3,-4,0,1328,-1,-2,0,328,0.000,0.000,-114,741,0,0,0,-113,168,2054,777,0,ARM|SERVO3,0,IDLE,1,1
5415,21577101,-1,-1,0,-217,-278,-19,0,0,0,0,0,-3,-4,0,1328,-1,-2,0,328,0.000,0.000,-114,741,0,0,0,-112,167,2054,777,0,ARM|SERVO3,0,IDLE,1,1
5416,21579102,-1,-1,0,-217,-278,-19,0,0,0,0,0,-3,-4,0,1328,-1,-2,0,328,0.000,0.000,-114,741,0,0,0,-112,167,2054,777,0,ARM|SERVO3,0,IDLE,1,1
5417,21581102,-1,-1,0,-217,-278,-19,0,0,0,0,0,-3,-4,0,1328,-1,-2,0,328,0.000,0.000,-114,741,0,0,0,-112,167,2054,777,0,ARM|SERVO3,0,IDLE,1,1
5418,21583101,-1,-2,0,-217,-278,-19,0,0,0,0,0,-3,-4,0,1328,-1,-2,0,328,0.000,0.000,-112,741,0,0,0,-112,167,2053,777,0,ARM|SERVO3,0,IDLE,1,1
5419,21585102,-1,-2,0,-217,-278,-19,0,0,0,0,0,-3,-4,0,1328,-1,-2,0,328,0.000,0.000,-112,741,0,0,0,-112,167,2053,777,0,ARM|SERVO3,0,IDLE,1,1
5420,21587102,-1,-2,0,-217,-278,-19,0,0,0,0,0,-3,-4,0,1328,-1,-2,0,328,416.904,0.000,-112,741,0,0,0,-112,167,2052,777,0,ARM|SERVO3,0,IDLE,1,1
5421,21589102,-1,-2,0,-217,-279,-19,0,0,0,0,0,-3,-4,0,1328,-1,-2,0,328,416.904,0.000,-112,741,0,0,0,-112,167,2052,777,0,ARM|SERVO3,0,IDLE,1,1
5422,21591102,-1,-2,0,-217,-279,-19,0,0,0,0,0,-3,-4,0,1328,-1,-2,0,328,416.904,0.000,-112,741,0,0,0,-112,167,2051,777,0,ARM|SERVO3,0,IDLE,1,1
5423,21593102,-1,-2,0,-217,-279,-19,0,-1,0,0,0,-3,-4,0,1328,-1,-2,0,328,416.904,0.000,-112,741,0,0,0,-112,167,2051,777,0,ARM|SERVO3,0,IDLE,1,1
5424,21595416,-1,-2,0,-217,-279,-19,0,0,0,0,0,-3,-4,0,1328,-1,-2,0,328,562.140,0.000,-112,741,0,0,0,-112,168,2051,777,0,ARM|SERVO3,0,IDLE,1,1
5425,21597416,-1,-2,0,-217,-279,-19,0,0,0,0,0,-3,-4,0,1328,-1,-2,0,328,562.140,0.000,-112,741,0,0,0,-112,168,2052,777,0,ARM|SERVO3,0,IDLE,1,1
5426,21599416,-1,-2,0,-217,-279,-19,0,0,0,0,0,-3,-4,0,1328,-1,-2,0,328,562.140,0.000,-112,741,0,0,0,-112,168,2053,777,0,ARM|SERVO3,0,IDLE,1,1
5427,21601418,-1,-2,0,-217,-279,-19,0,0,0,0,0,-3,-4,0,1328,-1,-2,0,328,562.140,0.000,-112,741,0,0,0,-112,168,2053,777,0,ARM|SERVO3,0,IDLE,1,1
5428,21603416,-1,-2,0,-217,-279,-19,0,0,0,0,0,-3,-4,0,1328,-1,-2,0,328,562.140,0.000,-112,741,0,0,0,-112,168,2054,777,0,ARM|SERVO3,0,IDLE,1,1
5429,21605416,-1,-1,0,-218,-279,-20,0,0,0,0,0,-3,-4,0,1328,-1,-2,0,328,562.140,0.000,-112,741,0,0,0,-112,167,2054,777,0,ARM|SERVO3,0,IDLE,1,1
5430,21607416,-1,-2,0,-218,-279,-20,0,0,0,0,0,-3,-4,0,1328,-1,-2,0,328,562.140,0.000,-110,741,0,0,0,-112,167,2055,777,0,ARM|SERVO3,0,IDLE,1,1
5431,21609418,-1,-1,0,-218,-279,-20,0,0,0,0,0,-3,-4,0,1328,-1,-2,0,328,562.140,0.000,-110,741,0,0,0,-113,167,2055,777,0,ARM|SERVO3,0,IDLE,1,1
5432,21611416,-1,-2,0,-218,-279,-20,0,0,0,0,0,-3,-4,0,1328,-1,-2,0,328,562.140,0.000,-110,741,0,0,0,-113,167,2055,777,0,ARM|SERVO3,0,IDLE,1,1
5433,21613418,-1,-2,0,-218,-279,-20,0,0,0,0,0,-3,-4,0,1328,-1,-2,0,328,562.140,0.000,-110,741,0,0,0,-113,166,2055,777,0,ARM|SERVO3,0,IDLE,1,1
5434,21615420,-1,-2,0,-218,-279,-20,0,0,0,0,0,-3,-4,0,1328,-1,-2,0,328,562.140,0.000,-110,741,0,0,0,-113,167,2054,777,0,ARM|SERVO3,0,IDLE,1,1
5435,21617421,-1,-2,0,-218,-280,-20,0,0,0,0,0,-3,-4,0,1328,-1,-2,0,328,562.140,0.000,-110,741,0,0,0,-113,167,2054,777,0,ARM|SERVO3,0,IDLE,1,1
5436,21619421,-1,-2,0,-218,-280,-20,0,0,0,0,0,-3,-4,0,1328,-1,-2,0,328,562.140,0.000,-110,741,0,0,0,-114,167,2053,777,0,ARM|SERVO3,0,IDLE,1,1
5437,21621424,-1,-2,0,-218,-280,-20,0,0,0,0,0,-3,-4,0,1328,-1,-2,0,328,562.140,0.000,-110,741,0,0,0,-114,167,2053,777,0,ARM|SERVO3,0,IDLE,1,1
5438,21623421,-1,-2,0,-218,-280,-20,0,0,0,0,0,-3,-4,0,1328,-1,-2,0,328,562.140,0.000,-110,741,0,0,0,-114,167,2053,777,0,ARM|SERVO3,0,IDLE,1,1
5439,21625422,-1,-2,0,-218,-280,-20,0,0,0,0,0,-3,-4,0,1328,-1,-2,0,328,562.140,0.000,-110,741,0,0,0,-115,167,2054,777,0,ARM|SERVO3,0,IDLE,1,1
5440,21627422,-1,-2,0,-218,-280,-20,0,0,0,0,0,-3,-4,0,1328,-1,-2,0,328,562.140,0.000,-110,741,0,0,0,-115,167,2054,777,0,ARM|SERVO3,0,IDLE,1,1
5441,21629424,-1,-2,0,-218,-280,-20,0,0,0,0,0,-3,-4,0,1328,-1,-2,0,328,562.140,0.000,-110,741,0,0,0,-115,167,2055,777,0,ARM|SERVO3,0,IDLE,1,1
5442,21631427,-1,-2,0,-218,-280,-20,0,0,0,0,0,-3,-4,0,1328,-1,-2,0,328,562.140,0.000,-109,741,0,0,0,-115,166,2055,777,0,ARM|SERVO3,0,IDLE,1,1
5443,21633429,-1,-1,0,-218,-280,-20,0,0,0,0,0,-3,-4,0,1328,-1,-2,0,328,562.140,0.000,-109,741,0,0,0,-115,166,2056,777,0,ARM|SERVO3,0,IDLE,1,1
5444,21635426,-1,-2,0,-218,-280,-20,0,0,0,0,0,-3,-4,0,1328,-1,-2,0,328,562.140,0.000,-109,741,0,0,0,-115,166,2056,777,0,ARM|SERVO3,0,IDLE,1,1
5445,21637428,-1,-2,0,-218,-280,-20,0,0,0,0,0,-3,-4,0,1328,-1,-2,0,328,562.140,0.000,-109,741,0,0,0,-115,166,2056,777,0,ARM|SERVO3,0,IDLE,1,1
5446,21639758,-1,-2,0,-218,-280,-20,0,0,0,0,0,-3,-4,0,1328,-1,-2,0,328,562.140,0.000,-109,741,0,0,0,-115,166,2055,777,0,ARM|SERVO3,0,IDLE,1,1
5447,21641760,-1,-2,0,-218,-280,-20,0,0,0,0,0,-3,-4,0,1328,-1,-2,0,328,562.140,0.000,-109,741,0,0,0,-115,166,2055,777,0,ARM|SERVO3,0,IDLE,1,1
5448,21643758,-1,-2,0,-219,-280,-20,0,0,0,0,0,-3,-4,0,1328,-1,-2,0,328,562.140,0.000,-109,741,0,0,0,-114,166,2055,777,0,ARM|SERVO3,0,IDLE,1,1
5449,21645761,-1,-2,0,-219,-280,-20,0,0,0,0,0,-3,-4,0,1328,-1,-2,0,328,562.140,0.000,-109,741,0,0,0,-114,166,2054,777,0,ARM|SERVO3,0,IDLE,1,1
5450,21647759,-1,-2,0,-219,-281,-20,0,0,0,0,0,-3,-4,0,1328,-1,-2,0,328,562.140,0.000,-109,741,0,0,0,-114,166,2053,777,0,ARM|SERVO3,0,IDLE,1,1
5451,21649759,-1,-2,0,-219,-281,-20,0,0,0,0,0,-3,-4,0,1328,-1,-2,0,328,562.140,0.000,-109,741,0,0,0,-114,166,2053,777,0,ARM|SERVO3,0,IDLE,1,1
5452,21651759,-1,-2,0,-219,-281,-20,0,0,0,0,0,-3,-4,0,1328,-1,-2,0,328,562.140,0.000,-109,741,0,0,0,-114,166,2053,777,0,ARM|SERVO3,0,IDLE,1,1
5453,21653760,-1,-2,0,-219,-281,-20,0,0,0,0,0,-3,-4,0,1328,-1,-2,0,328,562.140,0.000,-109,741,0,0,0,-114,166,2053,777,0,ARM|SERVO3,0,IDLE,1,1
5454,21655760,-1,-2,0,-219,-281,-20,0,0,0,0,0,-3,-4,0,1328,-1,-2,0,328,562.140,0.000,-109,741,0,0,0,-113,166,2054,777,0,ARM|SERVO3,0,IDLE,1,1
5455,21657762,-1,-2,0,-219,-281,-20,0,0,0,0,0,-3,-4,0,1328,-1,-2,0,328,562.140,0.000,-109,741,0,0,0,-113,167,2054,777,0,ARM|SERVO3,0,IDLE,1,1
5456,21659761,-1,-2,0,-219,-281,-20,0,0,0,0,0,-3,-4,0,1328,-1,-2,0,328,562.140,0.000,-109,741,0,0,0,-113,167,2055,777,0,ARM|SERVO3,0,IDLE,1,1
5457,21661761,-1,-2,0,-219,-281,-20,0,0,0,0,0,-3,-4,0,1328,-1,-2,0,328,562.140,0.000,-109,741,0,0,0,-113,167,2055,777,0,ARM|SERVO3,0,IDLE,1,1
5458,21663761,-1,-1,0,-219,-281,-20,0,0,0,0,0,-3,-4,0,1328,-1,-2,0,328,562.140,0.000,-109,741,0,0,0,-113,167,2056,777,0,ARM|SERVO3,0,IDLE,1,1
5459,21665762,-1,-1,0,-219,-281,-20,0,0,0,0,0,-3,-4,0,1328,-1,-2,0,328,562.140,0.000,-109,741,0,0,0,-113,168,2056,777,0,ARM|SERVO3,0,IDLE,1,1
5460,21667762,-1,-2,0,-219,-281,-20,0,0,0,0,0,-3,-4,0,1328,-1,-2,0,328,562.140,0.000,-109,741,0,0,0,-113,168,2055,777,0,ARM|SERVO3,0,IDLE,1,1
5461,21669764,-1,-2,0,-219,-281,-20,0,0,0,0,0,-3,-4,0,1328,-1,-2,0,328,562.140,0.000,-109,741,0,0,0,-112,168,2055,777,0,ARM|SERVO3,0,IDLE,1,1
5462,21671768,-1,-2,0,-219,-281,-20,0,0,0,0,0,-3,-4,0,1328,-1,-2,0,328,562.140,0.000,-109,741,0,0,0,-112,168,2055,777,0,ARM|SERVO3,0,IDLE,1,1
5463,21673770,-1,-2,0,-219,-281,-20,0,0,0,0,0,-3,-4,0,1328,-1,-2,0,328,562.140,0.000,-109,741,0,0,0,-112,168,2055,777,0,ARM|SERVO3,0,IDLE,1,1
5464,21675768,-1,-2,0,-219,-281,-20,0,0,0,0,0,-3,-4,0,1328,-1,-2,0,328,562.140,0.000,-109,741,0,0,0,-111,168,2054,777,0,ARM|SERVO3,0,IDLE,1,1
5465,21677770,-1,-2,0,-220,-282,-20,0,0,0,0,0,-3,-4,0,1328,-1,-2,0,328,562.140,0.000,-109,741,0,0,0,-111,168,2054,777,0,ARM|SERVO3,0,IDLE,1,1
5466,21679768,-1,-2,0,-220,-282,-20,0,0,0,0,0,-3,-4,0,1328,-1,-2,0,328,562.140,0.000,-109,741,0,0,0,-111,169,2055,777,0,ARM|SERVO3,0,IDLE,1,1
5467,21681773,-1,-2,0,-220,-282,-20,0,0,0,0,0,-3,-4,0,1328,-1,-2,0,328,562.140,0.000,-109,741,0,0,0,-111,169,2055,777,0,ARM|SERVO3,0,IDLE,1,1
5468,21683778,-1,-2,0,-220,-282,-20,0,0,0,0,0,-3,-4,0,1328,-1,-2,0,328,562.140,0.000,-109,741,0,0,0,-111,169,2056,777,0,ARM|SERVO3,0,IDLE,1,1
5469,21686105,-1,-2,0,-220,-282,-20,0,0,0,0,0,-3,-4,0,1328,-1,-2,0,328,562.140,0.000,-109,741,0,0,0,-111,168,2056,777,0,ARM|SERVO3,0,IDLE,1,1
5470,21688105,-1,-2,0,-220,-282,-20,0,0,0,0,0,-3,-4,0,1328,-1,-2,0,328,562.140,0.000,-109,741,0,0,0,-111,168,2056,777,0,ARM|SERVO3,0,IDLE,1,1
5471,21690105,-1,-1,0,-220,-282,-20,0,0,0,0,0,-3,-4,0,1328,-1,-2,0,328,562.140,0.000,-109,741,0,0,0,-111,168,2057,777,0,ARM|SERVO3,0,IDLE,1,1
5472,21692105,-1,-1,0,-220,-282,-20,0,0,0,0,0,-3,-4,0,1328,-1,-2,0,328,562.140,0.000,-109,741,0,0,0,-112,168,2057,777,0,ARM|SERVO3,0,IDLE,1,1
5473,21694108,-1,-2,0,-220,-282,-20,0,0,0,0,0,-3,-4,0,1328,-1,-2,0,328,562.140,0.000,-109,741,0,0,0,-112,168,2056,777,0,ARM|SERVO3,0,IDLE,1,1
5474,21696105,-1,-2,0,-220,-282,-20,0,0,0,0,0,-3,-4,0,1328,-1,-2,0,328,562.140,0.000,-109,741,0,0,0,-112,168,2056,777,0,ARM|SERVO3,0,IDLE,1,1
5475,21698106,-1,-2,0,-220,-282,-20,0,0,0,0,0,-3,-4,0,1328,-1,-2,0,328,562.140,0.000,-109,741,0,0,0,-112,168,2056,777,0,ARM|SERVO3,0,IDLE,1,1
5476,21700109,-1,-2,0,-220,-282,-20,0,0,0,0,0,-3,-4,0,1328,-1,-2,0,328,562.140,0.000,-109,741,0,0,0,-112,167,2055,777,0,ARM|SERVO3,0,IDLE,1,1
5477,21702113,-1,-2,0,-220,-282,-20,0,0,0,0,0,-3,-4,0,1328,-1,-2,0,328,562.140,0.000,-109,741,0,0,0,-112,167,2055,777,0,ARM|SERVO3,0,IDLE,1,1
5478,21704115,-1,-2,0,-220,-282,-20,0,0,0,0,0,-3,-4,0,1328,-1,-2,0,328,562.140,0.000,-109,741,0,0,0,-112,167,2054,777,0,ARM|SERVO3,0,IDLE,1,1
5479,21706118,-1,-2,0,-220,-283,-20,0,0,0,0,0,-3,-4,0,1328,-1,-2,0,328,562.140,0.000,-109,741,0,0,0,-113,166,2054,777,0,ARM|SERVO3,0,IDLE,1,1
